,auction_id,seller,seller_profile,buyer,timestamp,price,bin,item_bytes
0,b0843e4da3834ec4acaf345c8f7feb47,8013a674101d4543a197d29cde1accf2,084177460efa4d54bf1be1e8319f020d,91382299c2694d3a93be166225fb6247,1694685247619,1500000,True,H4sIAAAAAAAAAI1STW/TQBAdtwWSoKqoF8RtkUBqFJLYjvPJKU0bNYJQRNIDQgit7bGzYm1H3nVb/gkXJA5I/h/+Kf0hiLEDJzggeb2z782bfTPaBkAdDNEAAGMP9oRvjA24N0uyWBsN2Nc8NODhVeymyD9zV6KxD/UL4eNc8lCR6GcDHvhCbSX/UoeD10mKNUIP4bjIhxfIpd5MWJHzVt804QlhZxhgrLAC29YL0zTLBY+JWsQapRQhxt6Ob9l9eEXB6AOxd99+UPTx38fRfx3JWLPIB/NMSrZCzU6TOFMTNnVVIjON7CoWmiTDE7PrNKFV5B595JzkJbzFlLaxdff1O5ullHrGIx4iMR14Sf93GHIRU4pnPy/zk6CMI35bbr9r3GwwZhuhO6W1E0sxz2+WpkjsobjGaiy2Wen9qjwL0iRiN4m8RtWBCeHvk6wy8rcPJlRJ9Hd6iUoxDAL0NFXuUPclSveuN5QnNEbM4zFzkaUYJGmI/lN4VOT9Ipfnbxczdnp5uV7V4OANj7AillxpEQQ0t0QraMDR+a1O+VTrVLg0P1Ur3w8cLqer9WI+//RHn2WEPrPNIY4d9NvjQX/YdnrcaXMXB23PGjm+Y3PX8YIa1LWIUGkebeFo3LWcrt1jvYllsukSYA/u71qlVuAXvtbYiLkCAAA=
1,7d21e020c756418485c901b45b991081,0e43a17c65c548d49f38cf57a6b8cd53,f0093ce82ed64dcc9b456882b5d0d877,03cd36683dcf4578bd92d277ba92a0ca,1694685248493,200000,True,H4sIAAAAAAAAANVTzW7bRhAe2Uks6ZAmPfVSYCs46CGmTVKkJPomW7JFQaQdRf6RgqJYkitxpSUlkEtXTNF7L3mE3ALo2mcQ+iR5kKJDOQjyCgEIDGfmm2/+dqoAFSjxKgCU9mCPB6UPJXh6vsxiWarCvqSzfaj0eMAuBJ2liPqvCtW3i0yIqz9ilpRhzw7g0Gj6LY8aDaWlU1+p+6qleKamKaap6q2GyjxV0zHuOlmuWCI5SytQlmwts4Slu9RleHpLRcbgH5b31cl9qAb3feHndgP10VtVXNnzVdOOb3Pv3G7YEfp77cYgt77BmpLemWJc74eT+E3mRbfqoD4UrDfU/OjmYXJ5wd33vjmO+vOx7hhuR0RXnVnuvncXV5036mQUzsejfuToXd3Vu2t3vjDHup07o8ncueyunTtbdTtO7kaucCJ37szbfHqvWVh9FQ4Cnq4EzSvwZLBMWBmNP8Lz7aZ1wdOQxzNyzSTaXmw3zR6jQoanZLuhr3W0Vbabhh3PWCrhFbrxawtBVkvJl3FKQkQj1H+tHZufP35C7zHGHGDMWSYW8OtjxCXlcUGoHqsais8f/yYdNmVxytDaxJED2QH9OiKIQ9cFJdKRx2K+sP6MEjc0w52kRC7JgD0wQfSiVKa+gn+3m+l2I7abiHw/ItkVj+M6Qak3TWzzcDcKNuSzUCq+4P6iaJYGAZEhT8mKSdThJULyZZbs9IjF2S/ForcbC6mH7WG3DE9cGjH4CdneDR4E0X7DVNYZvmFyF1LB8FX80F3LhLalTLiXSZaW4QDZ7Hi6hOTPmsxXrHZaOxvcdH+/67UH3dpRjfqSP6B1SkXKjmpsvaqd4sqOangzCYKLzAgL8R4Lmq9An8ZBfpOyAOGP7l1750V3X0B/lYvrhv3r7ghrzzL8P/QC3WsygylaMK0rBpvqikV1QzF837Ia2tQzWnoZKpJH+DxptILn1ol1oteJdaoZ5NoB2INnHRrRGYN9gP8BY9EKAUwEAAA=
2,d8fee7d0923040e39719bd1f7ccc1b72,10750bef1ad4423ba28864b41079d728,a60de953d2aa428d81e9080f9a03e451,61ecb8240c2c4801b4b9aabf952060fc,1694685248746,1700000,True,H4sIAAAAAAAAANVU3W7iRhQekt0uILXpVqr2ZqtOreSqIfFPMDh3CEhwFpuEJRCoejHYxz9hbCN7nMSp+gh9Dm77DKjPVfWYpKu+QiVLM+fMd77z7zohNVIJ64SQyh7ZC93KHxXytpvksajUyb5g/j6pDUIXLjjzM0T9XSf1z6uc89FjDGmV7JkuOXQ9mang6I2WA6yhKZraMBzHa6jNtsE0o6UYS4Z212myhlSEkNVIVcCTyFPIdq6r5O2U8RzIn1BcyYu7QHbvrrhTmDrKk88yH5n365YZT4tl19TNCN8HHX1YGP/BNgWbNflcuwoW8U2+jKbyUBtzGIwVJ7p9sNX5s63eKNb9+N5Sp3zR62vWzObW5KY56vnaYtZ/WlxOuX05XVnPq+Zo0pHtZ1Nb9G4La+Kr9mR+Nrqc3i8mdjifWZo9uw29O8XA6OvknRtma86KGnkzTFKoovID+Wa7aV+wNApjn16DQN23201rAIyL4JxuN+xnFXVfbzf6MPQDQS8AQT8i5OUbg5s7kFGPcU5dFjEf6LIoWfGVySfNI7ydlO6Roe/7mUgZkV5sP4Wcl26dIHRWEGc0YBllpU/liHzEAzFOwGIHqEioi22hLKbg+yXfd8hnlREVtPtq/y/vq0wxpzBB2sckXdFdNNpRiSl5PZYJSOljEHKgSUyLJE9pmHEWuyX7DwjBOfCx81npfAgPwKlaFgTkI/LXduNtN3y7iej/50h3wWPZTvHUdRnTPNwVDMZlHRsOx7KVyTLXpSIIM7oGgTJ5j5BdfUo5gjj/CU0PkAiph/3Lvt3rjOdV8sZmEZDvkfKX4QOnyq/oT3/tBU7fQf8Je98RIg2XuYCsSt4hnxl7CRG/SaJYg3QudQdm91Pflo4l5ojwAVU4WBkcS/C0ls7lE/lYwsVMEfnFMWID3PyS6AvawTYWtxm4aPPyvEuxW2b4Cvq9Wv5HyP51f4Kh5zneDw1lqbSYe9bQ2u1248wBo9H23CbeWvqSKY7ueqxKaiKMIBMsWpMD41Q5O1U1nIymTjsWIXvkq95uC8g+If8AiTOQm7cEAAA=
3,6e87b63d94094f56937329f24b0d48f6,71c303be0552443ba96cd16f7a5f0715,814b97a9f1174646ae1b6769c5dfb46c,56572d221d3947ed8a5cb06cc4d8113d,1694685249223,30000,True,H4sIAAAAAAAAAE2Sz27aQBDGB5K2xpdIrXrqZdtG6qVOsI0x7g2BE0xgHf6UxFyiNV5gYW0je53EvEOfg2ufgQerukkvPc73/Wa+2dWoADWoMBUAKlWosqjyqwJvOmmRiIoKJ4KsTqDWYxG94mSVS+qPCupkW3DuPyU0U6DqRXC+pEvHCVumZrTChWaGJNIch9qa3SS65ZAWIU5T9t1m6Y5mgtG8Boqgz6LIaP4arcCbGeEFhd+07Nfn9+t6dN/ni9Jryno6qXPf2+xsL5mVYcdrerH0e+3moHT+Yy1B7iwemP31PBkVYTyrD8wxp72xvoh/PmJjtPe7fIOnMx4YgTm/9nS872/xZmsM7zAfGiMdG68ax/vgebjfmsEmMIOpZOKRha+H5jCeb/zp1XZ+Pd7i/Ygt73VHbq/Cu4jlO07KGpwO0owqUlTgy/Fg31C6y1GZFohw9kjR05om/8qMojSBz5KJKBHrbzmK0jT7jlYZSQRLVoigfJ1mAj5JRP4aSyOULhFLHlmyYCHjTJQX8EGanTTJi5hKO0FFTi9k+FcpHw8LHw8CdOePbybIx2jac5GLu8ibDNq4+4Kpx4N1PHD31usocIpJTOGjlMY0TuQSL3FiTZFbUvnEM/dZZKQtRMbCQtBceTkWeD92h7iNpw/+1YOc/+AGrpxUFNI6b+iNlm05dc2KrEhr6LajEX0Ras3IsS2zbjuh01KgJlhMc0HiHZw5l3rj0jCR9cM0UHsIUIW3XRKTFYUTgL/Tw5uUqwIAAA==
4,e62ec474f9ec44e296ea05a6dcc36cbb,a3897e27a91c425eb96f533b9832ba95,32181e2ea7ad437a8f9f9afa25b798f8,e7456f2befe64254b8d18d0b42a452cf,1694685250029,700000,True,H4sIAAAAAAAAAEVQy07CQBS9BR+lMWqMSxdjlJ34qCDoDgEDiYBRjEsz0FuYpDMl7UyUpTt/wYXr/kc/hQ8x3uKDZJI7OefknJPjABTAEg4AWDnICc/6sGC1ERqlLQfymo/zUGgLD28CPo5J9eXAuifiacBnBVi5DSO0CXVgM02Gt8LHQChknQ4cpEn1aYKKGeVhxNJk5J4W6VQlfxXSSNa+O1qIZqFZ0PPPN9bkko8xU3Hl0eHzz/dMxJvoo4oXjFCjCDn9h7NMUSkSdkwV9ug2QjnM8l+EnjChUcZMKKYnCPvEUsO61pEYGo3sxsQiVItCqAzTIexmsdNpMGP8TxVnxhtp4qdJ0Oh3u/2eDSs9LhF2CFyaPUx45NEIW61XHfF/PHbAWXrlwQ5+ByLXHNjZ3LBVHwzuO9ePg9bzQ7t+36QAYwg/9F3vvHrp10oca1gquxW/dFm5qJVGeFq+GJ3VfHRdGwpaSIw1l1PYrp649M7ZmXtVKbO7bhay9jMpBcI3Efe5gusBAAA=
5,b6378919f55247eba89bc8b263caeaf8,00f88590e0a145f3ba655813e61b51e1,b41bc9252695424d8216885579a779f3,3441ef4a387341f685536ffc0af940f5,1694685250737,1198800,True,H4sIAAAAAAAAAE1T227TQBCdNL04prQCFR5hQUXi5taO7djuW5RLEzW9KCkghFC0ttfJKo4deTeieeRDeM5/5FP4EMTYSRCW7PWcmdk9M3NWBahAiasAUNqBHR6WTkqw10jniSypUJZ0VIFdlgRjyJ8SPPqU+BmjE+rHrFSGSoeHrB3TkUDvHxUOQi5mMV1gUi/NmILoc3i6WjpNOqUjdkFWy+BDtabDCWIDmbFkJMdr1LB1eIVoI+OSNMY0Cbbh+htcvbf5zzt4vQ35f0ejam9iHBtjjvHf/Ybv718/8fsdWTxGb57GAxqTz/AEzVYSsowMkC0uG+hhxjKO5TLS7XZz4l6bZ0ISpMonCK7DLjlNJLnicVxkHiHUS1PJk1GRltuDMc1mCRMC/fnZg8VsnCaFG+D9almr+zzmcnFBmhkdoaePxRDkzVbLuN+97NyTRq/buIKXWG89jsl1mgjJMkF4QqIsxfPTiCzSedEQSZHcakkN82PNM848hEhY9OeMdLgs+jrdblAExzTD8yZJGkx8GkzO8oG41zShpJEKmXfVNHQduT5Drkip17ps3TTr/a9k8OW231Rg94ZOGbxAb1EqqYsZCwpScsw2RQlQ4bj1IDNal9hAfy6ZUGDfT4XohnAaOTRwTM/Wqp5napZNLc21rEizndCwLN8ITMdQQBUz+iNhYTvN4LRmUKPqGboWVk1McQNd833f1AIr0FkQ+ZFuYYoyTUMecZbBnsjJKbmw4aQ+uGs17oe37eF9pzVs9uuXtzcqHObqxnlOWSJFGZRgoxKsfa8Mh1E+/6Eo5o/Qbhn2RTFLNMplOIjXg19bFbEd+yab5RobikJja0hl/zS2zjkc5WoaTgo15TGAzZ3PkfCpRVnoVN1Q012baZZlG5pfCw2tSkPmUysMHcNRoCL5lAlJpzM4cs/N86pJ3AvbInfXADuwv74n+e39Cz32mO7sAwAA
6,9ec99777191140f893e2f6f5ea8a4413,c1b48a31fb7044778ffc4c7fb5b22db6,506b2a35886a4b0b9111411004e12d86,93704bf7620c4b6eae18c80c3125c40f,1694685252620,20000000,True,H4sIAAAAAAAAAHVU3W7iRhQ+hJ8C25Zq+3O1aqftRl2UkMaG8BOpFwRYYm0CW6Cb9sod7IkZYXtce7yUF+gr9Kb3SH0MHmUfpOoZ22zSiyJkzzn+vvN/pgpQgRyvAkDuCI64nfs1B8WBiH2Zq0JeUqcCBeZbK1C/PFSuuc1eutSJUPynCh/YPApcukXUjQhZGbXP4Kv9rjNmNCRzC3WXZL+zO80mvrov9JbersN3CBhSjzrJR+ukqXfwzV6cNM/rCexEO9W1izroCJzLkPmOXKVQXdMeQ3t46Gac7rl21qtDAzmDkEsyWFHfyjxoveMUrbWOM7jePbs4rsPpAf44oO55Bu9cHOBNHZmYXg+z2e/c9DkXsUtGVLKQvEH8qSKlbonxoIiXPPLIG/gBhWFIHeGTaywwkowDJlMvQmo9tmV4AXW57xDDMKCrFP4997lk5MeYv0XkzwfkFCVXUPuB+5qz0Eq48EyJYqMsv/c493nAErsAn6H87s8/yB1dMzKL/YP++X7X7i+5y+X2ksw3ypgqPiY+M8bXCzK4MQav4Fus4GIVig2RK0aWAumURCsRSoLTIVU1TuFLBNksTUbB7KTahPqEhkiFCn7fYDXtM/T7tZoPBEeqGbaIl+57goKtmJ84tYSnzC2ptT4jSbosInFApFBRaufwJAm2cy9YpMw+VWkHHJsdU5dcCT+O4FjNakh9GWHQ+x3Vks53rLSJaCkK6MaHb1BHSUomQ2aJLVFhkK2IyZq7LiYCXyCG+czbEo5ZETv2HSZ85bhzmJk13e9C8niCbn9ZXBsDMvxpMh5NJ+RqekcewGUoTKjHoI2q/wTOPIYxOwhtv/vr7/97QhVqo99lSPtShnwZSxbloRZStLM148AJqc3UHufy8MlKSDMQkkphWmr7UV2rQjHEYUBS4a7/apRcAGUoe8Lm91htqESHmPLwNEvXxOH0TJe9ZS7ii2WoiJA73F9QBz4fzPovF8ZkbI5nxtAcTG9uRoNFWV078PHVdDIyr6bT29GsPxlX4UN162BfPIa9Qb88WwUVRR5KaYNQKOThIzvZHnOVLFWaUDnIxj8VazxbHPO3ZHFQW83Dp7EruYfra0Y4eiajKb2Yh2Kg1gXPJTxHalVSv08kc9maY1F4VrmSlax3SitR7qU+USiLbCeViIUrxDEm+rzVsVqMtpaNZkfXGq027Ta6tEsbPUu3WprWtph9gWXDwBgujxdATf9ex79GtEutSV7fAhxBKb2t1KX8L4iBk/TDBQAA
7,860a99ed56ec4880b3aed3ca559aca78,b7b61c15527b4801badcd00abe15f1fa,360dfa59c78046ebbad136e9be9a674b,a249330afbad43f8be288097a036f6f8,1694685252627,339000000,True,H4sIAAAAAAAAAE1SXW7aQBAeIGmBh0a9gRWl6kvdGIyNt1IfLHASI8AJOD/2S7TLLthgG7Relzh36Dm4QE/AwaouiaJU2h3t983sfDs70wRoQCVuAkClCtWYVn5X4Li3LjJRaUJN4EUNGlcxZRcJXuQy6m8TmtNVkSTeNmO8DlWXwpnV7mgGwVilGqKqjghTMSJInZMuwowgMmeWvHfN1xvGRczyBtQFexIFZ/mLdB2O73BSMPjDyoEWPkQafRgks9I1JfanWuK5y03Xze5K0nNNN5X+K9sclui/WEPgeyMJ9EEUZjcFSe+0oT5J2NWkNUtvf3l+YISXjhb6NPYub1pjP4rCpV2G/mIb+oNk5Adt736cBMtg6/VvOp4frYLlbcvzbT28D55D6Q/7STR6do3DDv2VNpoO0PxB+ykraMJHGuebBJcNOBquOatL8hiU/a47YbSYsVwREVMoTvGCKQKvWKbM+TqFrzJCLiejjCt9jhfrLJf4m/JGpiw7YDiVFmf0nY+FTEpKSeC29kXS36Wktd+Z+12y363wfseVN3SwQ+fSGfftSaDYvZ4znXry9B5dh6MxThl8ltTrY2zZqTmeCVnbifMkOLaF4DEppGwNTjjmsSgfi82CY8ry1ybK+YFPUsSZPNoT372we77MWxSSPpu1LNNq48NQoI7aQV2mEmQZKjItTCyEusRs16Eh4pTlAqcbOLHO9dZ5W1f0HwZSrkcAVfjQf/lAqAH8A96ZEYq6AgAA
8,cda934f66a564838a9c028071c24a9a1,f022b061f45342a49c709f2dd86f0ddb,fae41ebca7e44c0db640ee4cfd228521,56572d221d3947ed8a5cb06cc4d8113d,1694685254340,35000,True,H4sIAAAAAAAAAE2Sy3LaMBSGDyRtjTfttNNVN2qbmW5K4gsY3B0DTjDBcriUxGwyMhYgkG3GlpOYd+hzsO0z8GCdKummy/P/n85F86sANagwFQAqVaiyqPKrAq+6aZGIigongqxOoNZnEb3kZJVL6o8K6mRbcO4/JjRToOpGcLakS9sO22bdaIeLuhmSqG7btFVvWURv2qRNiG3JdzdZuqOZYDSvgSLokygymr+MVuDVjPCCwm9aDrT53VqL7gZ8UbqWrKcTjfvuZtdyk1kZdl3LjaXf71jD0v6PbQpy2+SBOVjPk1ERxjNtaI457Y/1RfzzARujvd/jGzyd8cAIzPmVq+P9YIs3W8O7xdwzRjo2XjSO98GTt9+awSYwg6lk4lETX3mmF883/vRyO78ab/F+xJZ3ui23V+FNxPIdJ2UNTodpRhUpKvDleGhdU7rLUZkWiHD2QNHjmib/yoyiNIHPkokoEetvOYrSNPuOVhlJBEtWiKB8nWYCPklE/hpLI5QuEUseWLJgIeNMlOfwQZrdNMmLmEo7QUVOz+Xwr1I+HhY+Hgbo1h9fT5CP0bTvIAf3kDsZdnDvGVOPh+bxwJ0bt6vAKSYxhY9SGtM4kUs8jxNripySyhPfOk8iIx0hMhYWgubKc1jg/djxcAdP7/3Le9n/3gkc2akopHVmh62lacpQ6AvDrDe0yKq3Q9OWGdHMRthomVGkKVATLKa5IPEO3unahWFdGAZq/NDaqOMBVOF1j8RkReEE4C8Gc9DDrAIAAA==
9,9c8afe2be2fc466f955dc94909aab84f,54d0ba9c68cb4cdc9413d46759913c7f,54d0ba9c68cb4cdc9413d46759913c7f,33d279a7fb664ef49fe315f1884780c7,1694685255107,399000,True,H4sIAAAAAAAAAFWST3LaMBjFPyBpDIt2OtNFlm6bXceNjcGY7MAhARrL4T/2hpGxjA2yobbcxNyhR+iuM2x7Bo7Sg3SqZNNm80b63k9PTzOqAJShEFYAoFCEYugVvhfg1NhmMStUoMTwqgTlbuiRG4pXKaf+VKAy2mSUWg8xSQQo9jy4UInme3Vfl3TXVyW1qmLJ1ZpLScU1pekpck3x6vzcfbLdkYSFJC2DwMgjyxKSPl8twOkU04zAL5L3ZWceyN68T5d5T+P78UimVm+9a/Tiae4aPa0Xcb/b0u7y5n9sneFZndpqP3DiQeZGU/lOHVLSHSrLaPLNHg8UtEcbtJ7IKOoHaH9Dncje22tbdcaTR3PshObtQEWzSW7NbjYOn5tjU3HGG8XcmzXnFgXWNaLOzMyt6yAy18vQnytN3r4CZ16Y7ijOy3Byt02IwIdn8OF4aHS31EvF48FD5EG0CU5EA28INz6LHbwM4CNfZnH4NSPiC0J8CFkQxiKXFN5zyMUrcZXgmD2lLT8pv3/8FLsEUxY8hUGJ6zNnZElCYia2t3GWXj2z8j+W9zo/HvDxQCfIsEzTQmLLMDqjkTW0BThBOCLwjgMvu7Txir/xTeeRJbjFWBK6GSOp8PRb4C3qzBZ2pzVcGK0vnUW7dctzsow7F7rfkEld9aWqX9Wlmqt6kq5omqQ0GzKu+XqjhnUByiyMSMpwtIPXzUv9sqqKyhWXexOgCK+ucYRXBEoAfwHWJvQFqgIAAA==
10,c95e6b97c9144bb7ba94c6507eefa759,d3cb201bfd1940209797063b6ca4c085,d3cb201bfd1940209797063b6ca4c085,1249a69ceec945029cc2e634cc693ce8,1694685255422,10000,True,H4sIAAAAAAAAAF1U227aQBAdAmkMSdXmoReparVRG7UoJWCDufWJAElQSVLhJJXyghZ7gRVrm3rXafiYvlXiP/iUfkjVMYYkKi/WnDlnZvbMLhmANCR4BgASG7DBncR2AjabfuipRAaSio7SkGKePYbol4DtK28QMDqhA8ESSUifcocdCzqSmP2bgS2Hy6mgMxR1/YBpiO7Cu8W8csJoQCwbsTpZzB3TMPFT/VSuVrLwBvMt6tLRMmcfVAvL3IFeqmbhIyYtFTBvpMZx2jTwU8O0kY15tfKhkYVPSGwGXJHmmHr2qlRtP+bW9tfc/Szk18zHTcvmiqqba65uFA4NjKCIgiPfCyVpKEXtCbGmjDmxTi8UVsIHnV5F0QGKOp5iQvARWw1EseZ/wxtGNDxACeFoKG5TQa4x+BwR23fMDhV7DExZwKN6pNPpwBeEjnkgFUGP+ATBe+YJp54iX7kQLHjQd31fcW+0FOejOMTj3Gctm96i048F1pgGU49JSa5xyheLebkx4IKrWZ10/VtGLumUwB6e9ZRRIcnMD8nQD1bW/Pn1m0S4GsNbRJD1c8y8JWmM/lOPME9hrT0s/RqbLeai1+i1Sevq/KR9cU6s7xe9lgapc+oyeB+Ny9BLhwYzcuO7A86I5QuH47zNUAkqJWTgWftOBRQXFfABWic12HVCPJPv9eUE3egH7AfsNBuXjebF2ZFV10tJeDWgklmKqiPfl+obC2ycC68GjvVUA831HT7ELpAW6/5a9Fbg5Q2W6LT71kW31Wn3+s2ry27DsjKwEz0Z9N/FOjIJKYE2Y7HNJOwMo3X15XJdCKWSoNmrvceMLRHvCKMkvjC5XkCcTcv1juI4w+5vRCzYYvGdWbUbRdegP1legwgCtDMMcfYPgxIr6QVDz5X1oZ0rVYdGjhYrdq7mVCrVkqkPi8zEflwxt694rNYgrbjLpKLuFJ7X8noxbxSJrtcLJmmcAWzAk/hRRf8W/wAtVnrgXAQAAA==
11,b792de04cce54643bf6924e31af18714,470c9f39d46542f78a6bb95ed2316e35,dac1cf0b07d94595aaf11db1fa32e31c,2ef1b4075ad74384b89d890696dba7c9,1694685255769,490000,True,H4sIAAAAAAAAAB2Qz07CQBDGp4BamhhunkxcDfHWkNLWFm8EQQ2oBEw8mm27tBv6L+1U5In6Hn0w45Q5zLf7m2+zM6MB9EGRGgAoHejIAO4VOJtlVYqKBl3kYR96IvUjaKML/RcZiEXMw5KufxpcBLLMY34k1yorhEpUhWFTO8/yRzCMZMkwY03tLTmSOBgJEr4WCHekW4koirYgU5YVAZ3JXu5lTmxiwDXlgB9bQ7ZjBy6RoUwEO0QyFnBFuMrDggcyDdkxqwqWC7yFLnG4odTUYiPDCHU/lv6eZSlr26AfqlJQp5dN7Td1vF3PZ6/TlQq9d56IE21tizg7iAI0GMx/seBTxEJ6FYpSPe1JW04/vxerj6/5hl5WFaFhMAnGpuvYumf4tm7ZO1N3TedB5767cyzfs8auoUK/HaFEnuQwmIwMazQ2mf1ouWz6BtCB8yee8FBAD+AfNAwl0J4BAAA=
12,f2d2b876b5f548c681d0fece94bb0608,24d1ea17dd154823a608a6a668bb9185,607da5b74fae4d50b8cc27d81b2e5428,91382299c2694d3a93be166225fb6247,1694685256065,1500000,True,H4sIAAAAAAAAAIVT3WoaQRQ+RpOqKaTQ3vQHOi0NRKxmV9242itj1EiTEGJTCKWEcffsOnR/ZHfWpLd9it4EelHwPXyUPEjpmTWWQC66sLPn99tvvjNTBChARhQBILMGa8LOmBlY74ZJIDNFyEruFiCHgTUB9WRg8zwYR8i/8bGHmSwUDoWNfY+7MWX/FOGRLeKpx79T01EYYZ6iz+DFYt4cyQgDV07abDG3yiatrZ2yWYLXlOtGQrLuhAcWLtPG9jJvbJfgzarggPvcvSvQG3cVZJTgJZUcIveW6LxstHT62pTdK8FzSh6gg0Gc9vKK/l7TNPXCR4XxhfBub36T9fWha5Jrpq75H1dtlJr6IkJ2GoUSLSnCgH0GqmsOIh7ImCynrGu3Nz/YpyhBdscKXlGcirjLRRBL5igIHtjM4zNehU1CHUThlZwQ2Nv7YLzcNNiSLltun7JVIlJazPf6ieexEUq2HwZJ3GadcRx6iUR2HpCWVLij7zZKUKb+VHFNoVB4ipGSQb/9+Yvdkz1F/kDrGSqa6rc1NYJm6Cjb59crJhS7mmDAJkJWlUY7eswsu6RIUbOFYobpGGpa2m+n8MyJQp9dhd4M4yq0KX4RJimRhzyYUJtvGct+D+OYoeMovWeodv90MTcWc693Ouyyo95gMDwZjPKQO+E+qpNo9AVGFrJjHkvhOOwIXVcEdH6LsNW7lhHvSBmJMUkVFyHnoh/nYePsfP/iUoNcf3jSW7n60oU85P3QFg7BwoaTgufVRYInx53Rp2G/f7liUYTH6ibR+HykEWZhS836cvrvuBD79SxsuOm4lUPguSQhrHdWQ6s7DbtW0W2uVRq61qjwVs2oNDS9adQNrb5Xa+ahIIWPseT+FLbMXb25W6szs13XWOcYYA02liKqm/wXZoYMSfgDAAA=
13,36f8daf033c94b1099c812fd0ec3ae71,60edc89a615e4c008afef5047159e524,86381db731694515bfe7645f5e03be23,56fdaa3fab1c4b368c1a170405fc1290,1694685256173,250000,True,H4sIAAAAAAAAACVSy27bMBBcOWlrK4egDxRoD8W26KVI3EiK3zfHdRsjcWo0DtArRdE2YYoUJAq2v0j/oQ8runQEiiB3dpYzS/oALfCkDwBeAxoy8d578GJiSm09H04sW7fgVGi+Afd5cPak41ywLYuV8E6gdSsT8VOxdUHoPx9eJbLIFDsQ6d7koknR1/C2rgY3jiT1GhdmJ3LsO6Cu+j9YytZihHXFL64D+EihudQu7zETInEAuwgvu0FAhE+EjjFzBValQmsMTRtm8aiogA+Es5Wl8sQiSkB7LAtRfCfyt7rqjWOppD2McCH51sSlKgukXFFX6s/s1+0SJ/ezyR18Id5yk5sdHkyZY0bJbC/oPOR0kBXI9DFH7DNlCmk00pBpxri9xPRZPlPqqJeaUOBO2o3UyJyuiKZ+rAzfgk+rnCWyJIHvqEcTMpSYnT66DsPA9dRlE7TcyAKlFSlypjEWmIuVydci+Qxv6qpLBqaL2QTpvxv/nTbh9IGlwjW+e7SqZRqT14h6Aj6cT/c2Z2NrcxmXVhRNd+9w5si/H2bzm6dHKlCWFPvKh6sgCIe83et0uu0OTwZtFvV7bssDJkhl3G1Cy8pUFJalGZwPr8LoKrrGaBQNcDEHaMDL51t2D+g/Tylqgm8CAAA=
14,c5f4f90b9dc44fe29156d61974c8f2cd,11377a1ef4d74111b2ef9fdc1beb919a,0daa7fda3191466bbb3128f540c64cf8,fef1b17c743f449eb27325d3c165b82b,1694685257154,59999,True,H4sIAAAAAAAAAE1SS3LaQBBt8CeCqpQ3WcSblBbOKlGsDxJWdirARhSSgsHIYpMaaQZr8EhQ0si2uENukHXY5gwcJQdJZcwqq+7X/fr166puA7SgQdsA0GhCk+LGjwac9NZVzhttOOLo4QhaQ4rJNUMPpWD9bUN7+lgxFjznpJCg6WK4sJFlxgYxFQ0bHcVIVFuxO8ZSwbGKMFaRZuqqmPtWrDek4JSULZA4eeFVQcrDaglO5ohVBH6TeqQu7lMV349YUruWwLOpygJ3tem6+byOe67lZqI/dKxxbf/HNTkKTRYZo3SRT6o4m6tj45aR4a2WZHdP3mpgRuFEE1GLsoEebTHzb+7URd/R/VWaef3Ro6cLzvZx6+vXK3/m6VHor/ztPI22E3Mxw3TRx9QLvU6k+1nQd+jyXrOF+za8wbTcMFS34Hi8Logkiqdwsd8Jx0lBUElKuV5XhbzfLf/8/CVPN4RgAbpxDR9E2O/QJ00VifycUkbklDAs01zmKYGPh358LWRLLvLPYi65KdATqVGBDwWUY3h3oOkhZZgUOSlLgb8IG++F9n7H7vxe4HmBLzu93mA6DW4jCY59lBE4F4Rwvcays1zSnPJaniFGywzl4q6zwQsvkMN5QeOKk1J6/RB4GwZB//vMGbtTz/GFUFXR1ydIlkS1DVvpxAQpHStOFIS7SFGvEL5CltHVE1WCFqeZuARlGzizL7XOpW7I5lfDkh0PoAmnfZShBwJHAP8Al56KtpsCAAA=
15,de361b2597014855b1a105ac393faa5f,f022b061f45342a49c709f2dd86f0ddb,fae41ebca7e44c0db640ee4cfd228521,56572d221d3947ed8a5cb06cc4d8113d,1694685258081,35000,True,H4sIAAAAAAAAAE2Sy3LaMBSGDyRpDZt22smqG7XNTDd14kswdncMOMEE5HApidlkZCxAINuMLScx79DnYNtn4ME6VdJNl+f/P52L5q8D1KDC6gBQqUKVRZVfFThpp0UiKnU4EmR5BLUui+gVJ8tcUn/qUB9vCs79p4RmClS9CM4WdOE4oW2qhh3OVTMkkeo4tKk2LaI3HGIT4ljy3W2WbmkmGM1roAj6LIqM5q+jFTiZEl5Q+E3Lnja7X2nRfY/PS8+S9WSscd9bb5teMi3Dtmd5sfS7LatfOv+xDUHuGjwwe6tZMizCeKr1zRGn3ZE+j38+YmO48zt8jSdTHhiBObv2dLzrbfB6YwzuMB8YQx0brxrHu+B5sNuYwTowg4lk4mEDXw/MQTxb+5Orzex6tMG7IVvc647cvg5vI5ZvOSlrcNxPM6pIUYEvh33zhtJtjsq0QISzR4qeVjT5V2YUpQl8lkxEiVh9y1GUptl3tMxIIliyRATlqzQT8Eki8tdYGqF0gVjyyJI5CxlnojyHj9Jsp0lexFTaCSpyei6Hf5XyYT/3cT9Ad/7oZox8jCZdF7m4g7xxv4U7L1j9sG8c9ty99doKHGMSUziV0ojGiVziZZxYUeSWVJ74zn0WGWkJkbGwEDRXXsICH0buALfw5MG/epD9H9zAlZ2KQlpnGpGZuNQMVbM1W720mkSVQTBVs2nrdmQbVhjqCtQEi2kuSLyF97p2YVgXhoEuf2g2ag0AqvCmQ2KypHAE8BejOTJdrAIAAA==
16,f6c3463cdb6e445fa711bfbddca4c922,cca6da60d02940c4b70c139ef3dccb21,512c8593ce8d4570ab9240e3ce5c3468,52290a55483c472790b723e16be9fbe4,1694685259156,1390000,True,H4sIAAAAAAAAAHVUz2vjVhAex5vU9pYu9FCWPbRvoaFxHTuWbFmye3JsJxtofrD25rKU8CSN5UfkJ/fpKdscCz301FMPJWyh0EKgx54Lhfwp/kNKR5K9uIe92PNmvnnzzTfzVAEoQ0FUAKCwBVvCL9QLsD2IEqkLFShqHhTg8SvpKuTX3A2xUITyC+HjUciDmJL+rcAHvogXIb8tw6OvI4Ul8n4Knz3c28fIFRt75Ouxh3u/bTXpz9kzWk2jClUCjLVCGehZGvZqZrthkdHdqznVDFiz7YZF0C8JOlBCs8GMSw9ztLWbY63dNbhBJjTW2CGf82CFNdorMBkrdNtuGA7hU54vkIc5CV4zHCsHWE63YVtVeE6AIU5RxpgjnGZjBTEtM4PsEuREagxDEeCKIN3UWeMsyiDYk/T0mrDLu5/J+oZ0ourdYxW90TN2SeZ+yvJCRRo9LSLJLglCDXWOkjBkY9TsMJJJ3GOj6VR4AqVmWnEhhQwo0d5rHrSrUCdrdIPqllxuSsAecM29aO7GLMQbDON9pmciZlzNI5X1vxDoIQvoppjViLqZqmXHmuu4QQxS+Y8Vl5pyfF+kzHjI3JQKxszlMfqMyN5GiYJnaSKGxJ+cfiIDpIgX8jh+Tjd9QVFidYgqRnVNh1Qpm0p6ZnP56/dsvQ9g5sB0MKg2cNxa/vIDO0XpU8/k2k/5em1K/gPKZOWThL08/ZQWYCPZtZrLtz+xzUmtC0243KTDW3Tjj2w1dvIxLn2m0E88jDM9/Gy7mObXKJmba52pNo0UQ+7NWCZq1jEJw2b8Bhl+m4gFE9NUKpIf2Yz2lJL1DDPKMZ8jm0cy1qjYG0FTknQlGs1sHOhF0qeB7OeU+8qb/U+bLmnzO9t4J6k+8HQVNCj6G9t4GTQOilkP9+Ho4mTAhq/OjkfnZ+zw/HwyLsK2F4W0Hf/8/VcJHp0RL/iKwMu7O3YkUNG29H2+0IKaOowiWgxa0uXbP9/3CxV4MvqOdrWvtRJuojEurUs8NrpGz3CcnmE7JSjNI19MqQTsTLNCRfh4tUZXQuP8Klth4r5dgnKkRCDkhAfwyXjSf/lyNLzqD/sXk5PL0VXWRyn9oL0vWIEPaQVIKT2nlxQXobJ49/LSAkXYCbKnmR6AZEgSuuxzp2V1Ok7XrLtdk9fbttWsu53utO62uo7Vmnom79rETYs50guaL+Aj68A5MA3W6Rkm658CbMHOuxHAfxC4RK6ABQAA
17,a746ed2c88e64958abecf8e0eeb1a477,62e66611f30b48afa3cda185d2520d01,fdea5d542b434177a1a9cb2c6cd85fa0,d59641f0631f404abb08bbda21279d4c,1694685261944,1000000,True,H4sIAAAAAAAAANVVzW7bRhBe20kjG0WT9tJT242SnmLZpGRRloEeFP1YdEQpoWTJZNHDklxSa+2SAn8ky0XvvfTYW3utXqFnoU8S9DmKzlKOk6J9gQIkltz59puZb2bIA4T20Q47QAjt7KJd5u38tIMeNqMsTHcO0F5Kgj2032Ue7XASJID66wAdDGcZ54NlSOMC2tU99Nyvn7qVmquVapqqlCqaUi85pOqUTjWnXK2rik9VCudex9GcximjyT4qpPQmzWKa5K4L6OGY8Izu/EmXUaA3LxQyUblbMafOVYPprSgwRtbKaLXhNir9W+vGGC5f6c0Gc7sXC1vwxL7kM501NL2pnwzOLxVr0mfW6M1yMHLh2Z5Zoq3YLUO1rj1u3XqiLy6ENdSTJmsEevhy5ZTtuXM+Hljgd8tz8copdxZGa3bTv8f153a5OvW645U9vuDu1XjuivHWb9dceZPLO5zJaddUwXa7tSUyVpnXaKjwwT/3JH68cpp6MGANRrqm4raiRa/ynqMn1Lkjxteu6AivWc3sqzcL73x8kscxrF8bkzHrC1P0W+5tX3S4cW3ObNDKGvVnRuulGIw6vC8ub61Ju2JNTHi+YPbEZpBbZXDeEfbEWtnXEqcr/ev20hhNhc6W7+MTKvfOOzPrypz+K3aogTOpz+zJMq8TaJSQicJyHaS9q7x6v76sN0PlG6j4AXrksWTOyWofPehFMS3A5jP0eLM+NVjIwgAbsgdh89PNutaiPg0TeoY3a/KiLI9v1prJPOJwip4BAC6TBdO05HLmzvAqymKcZEJEIfXwnKboE0CkEY6hkzFLnwLFx0AxysKQck5j9HxLMppS3IgF8RjnEXZiSmYJJpzjJAWq3FUUYwgXsxB4Ejwn6RQvp4xT6RSTmKIvAQR+ZA4slbgUSDfrSjNeJSnhkqTSjYB/mcB2LUskMo94SrkHZ6g4gvhACq1NYqAfZrEPIeL/ClFEC5pgnyQpIJ6C2SEJpByFW8bN2n/7y294OKfUA6PkfSKlA/e5xgxm+J2A7QWNV1Lhav2oJp0l1I1CLzmUCaCvYCOEkcUBFbkYeb4CCHDAIAb0Wc5CyjfyqAeTnkhvoLtmRI7UZ0TCWS4OXB1Qkb7zV68fVeX69tcfURHWu2oD7BAHBASELF6o93nIeH0wktADiwaW33/Gd03zYaJfwApfnAC+MQmG2vfAIcdl2URU+Rr9kbPwzVrg/88S58FD1sewapoCaW47l37Y/pAs8TwoG0tk88O7nCKad4R8FzTMnt61GFD32uftfqthWgX0oE8ERZ8D5be9Bcfqd1Lh+26DqX3cvklj0kjTmDlZSpMCegSMeuhHaPF9MV3NafGs2DCNRkvv9QbFwyJxU2iP4plPeEIPi/RmXjxTjpTDIvwGYsDeOwfsFKZTUt2jXajx6hIaGs5szXmaTZnlHeiHgvxrob3X7RGEn2Xw/Lzqey49LdOSWlPc0onvw++oqp6WTlz/RNO0uqKc1ApoP2WCwkSKOXpSP1Yrx+UKVtWz8iluGAjtoo9aRJCAoj2E/gZP8tX3JgcAAA==
18,ab6b56ae146d46b8a7c9e778ac97ac30,e627b6a7238c4774acd4627b6fc846f9,53a4767220e54d7a99008beea80410f2,8c69e16098f04641bfe70eca69cdc421,1694685262397,99000,True,H4sIAAAAAAAAAGVSy27aQBQdSNICqpRV915k69YPHOJKXTgYsAkeWmMM9qYaewYzjg2WHyH2P/Q78h/5ln5H1YFEjapKVxrpnDP3nJl7ewB0QYv2AACtNmhT3PrZAhfDfbUrWz1wVqLoDHQNisk4QVHBVL97oLe4r5JkftiRvAPaJgZXmMj9AR6I/A0RVF6WScjfbESJlxBRBHkjXIdqyO59y/cZyUtKii7olOSxrHJSnKw74MJFSUVav8hhH5nDqYBWYhLK9jZYa9TU95HleIrlaBJsvHrumPJ8cbgzhxoNjemDnyaFv0zuTapdm0NTgKknQwnGMP0uWfFSgPGo8eJQYnjt63Zq6ZZkNf4WUrMYUi0yd7d1IPlZMHHnHvN96TOFaA0bV1IL/68OZr6kbLHh1r47TcK1m4Wp++Jr2DVeLV91dkIMW2Rc88IVx6zHdzkLIZn/ix31bh0MzWhONYoMWwj1/cNMfusxS8UsSN04TMcpHiqVv/7+gCdu/5RjcfMIJ+N7fzU6+HpUW7HX+LrZWI3VhzpOvMYS5kfcsWPPMUUrtiTIeC+OJOhgys7ad7S+v5rGVmNTXw8PR71JD2/5UjHBzMNb29v/srMZBCuV+R9Oc2J/VKCVQE//cOQN4e7tvFWHO+Erm3gPvMe0yBJUd8H5bJ+TDgPPwdXz04DVmO0f5uiOK7eEw4RkpCg5piV5we034COTHJlptYsSwjkkzRLyiTW4fH66fn5KZqPJCOqa7XXAOUQpOeGvYoOgvGT2l6PHMkdaWeY0qEpSdI7LDz5Ml3AyG/0wRprtsNtVxcAreaAoUhgK/EDCIt8XUcCraBDwykbaqFhVSYBZ/m5JU5YTpRm4HHyWWMmc+kWROc0CoA3e6ShFEQFnAPwBW3AwDnUDAAA=
19,6e0b1abae499477684a165f0349bbe94,3c56af59d4b44d5db56511b9bf0de686,d4e04b43ad6e4dcda8347c95c125ee10,f4e37f0cbbd44bb9a65c10fcaa62377d,1694685262896,20000,True,H4sIAAAAAAAAAG2TX28SQRDAh9IqUJNGX4wx6tZYU0RAOOCOvlGKlNhS4lFfyd7dABvubnFvL7UfxM/Al/CJT6LPfgfjHH9sNL7czc78Znb+bQ4gCymRA4DUDuwIL1VIwV5bxqFO5SCt+SQF+9eho5DPuONjKg3Zc+Hhe59PInL6lYP7nojmPr/Nwu6FVJgh7SN4vlyYXeSK2S7pTthy4RlmjX7WsWkZeTgiu60VhhM9TaxuoUHf5nGhkV9BhYpRqubhmLC2Epq1pzx0cU1aR2vUOtqwJMCbLXnGAz7ZkMa7DdrYog2SoEzsqQzjiLW05u6M2XNEb+Oy8TC2HiTAa3I4R+6vc+WUXO3vbKvNWslac2c4xjDCNWiZ/1TVrJRqeThMqt/eSeHWUGUbLKk8T0gv1Oj7YoKb0vn/mwRQIW1XyRs9ZZ9IfJtQAyU1ulrI8E43nEoVRqzX65HTi9UNLk02QqanyLxV59itjJlHxcJTAm4ExeSKYkfMuU06VE9GVyL/l8tFdTgVEZkDqdhcoIuMjnFI3h77/u3rIVHPlov6cuF3Br02O7vudztXfdY+79jDwUVr2EnDnit9qeDHz1oGdvs8wKQ59UGskNkz9FFT/l1F60grgJGmRdMIOTjofNGK0/iUcGKNUQYeenE4QRmOopnw/ZHCz7Dfbg1b7avLU/vESMNjhwq1NdenUkZ6gMrFkPYbKclyBjKB9MRYoILdeZxsMb0FeGJ/6Fx0hlf9UffjdX84uks8Bw9oKrSUOqAoURru6VVvKVg6Dbn5n+aTYo+sk9V0kgNQnXFMwV+h6xhjp2kWnbFnFWv1sVXkNXSLjbFpIZputdpEem5CYzDSSWYAOxnIahFQI3gwh4NmuWKUqwYzT4wqa12SHe6t959Y+A2oPNlu3AMAAA==
20,e331ac6f779d4796ace5b82228128474,473ed4a460e74accac6b8dafc86772b6,42d740a750844452b9c91328caae0cf5,9f82213780b8496b9db2e557dbb8a934,1694685264303,300000,True,H4sIAAAAAAAAANVU3Y7qVBTezJzjARJzYkyM0ZhUMscbh5nSlr9JvGCAgXIonRnKT2uMaemC7mG3Jf0BivERvDTxDXgFr4lP4oMYVwGN+gYmTffea337+9a3987KE5IjGZonhGQuyAW1Mz9lyOumH3tRJk8uI3NxSXJdasMDMxchov7Ik/xwGTOmbjwIsuRCtsmVWJ9bNckqF6uCLRZFQSgVLbEqFk1TLJWhXq5ATcR9j4G/giCiEOZINoJtFAcQHqWz5PXYZDFkfoGNv5CbPd6clNhMfHasaYPKLX+haPpWaem8qrU3akuWBs3Ne7nZoLNub224LDRGbCnTRkVuyoLhjiRVG22N1tjRBYUftGaiOknjyOGORH33wFTtSVASOWzSxkL27hNLMFZWZ6zqqHvi6bFZx2HWtOfI9KwlMM9yH3h72mMjd7y1JywxJk/H+uxur2QMTzi7M5bs7jgxpsoxd/KEOmzQH46kf8dS/LQXnjV9u/u8UWlt/Q+O2Jqw2JgMEn1i8H23zOxmnTemzrGOvqBs9ZfeMvWMtZSMDrrcjSmelzQQei/KREkGLfai7NjS0HpLtdMW9N1gqWqNndIav6ja2B24T1tde3CUnbLRtXuqDOX3x9q6PI739abHf4O3lCdvbBqumJnkyKu+H0AWgx+TDw/7mkI96i24R4gw9OlhX9WCGLgWzMEL4Y477M2v+ZtyCj/sKwqNnIAyrjGf47YoIVe4Ab+OSb0jtIT/yu+//sydaYcrAJukQURtHPA495Q47OFMhokbpP8EMZoD3NAFxjh1zj36GxsC8tV/FPgb4R1Oqi66wFE4s5DPcH7awh2lKIOzVsr+BcbwDS/w1YZc5HN9WAPjhNQf8O/Ib4f9/LDHUlzu/zMEx+Lx2G5xlCQebZ6uA57pwomKM0Zny9Ssadtc5NCQW0GEa/IRQhI/Do5rF7z4y/SJHPZlpG4/ys0seTUwXSCfI9u3/TXjSt+hVPmvy+/4DFx8Um/b2ygwG1EUUCuOIMySN0goe3OfxD8UomQFhbuCImvdZ7n/fUftt5XCdcGcRXSNibnJQrguwHZVuONv+OsC9pYA8ak+whzsWynT38CZ6dnJKAQb4af00WQz9XgG/ZhNuyC5fGxr6CCOcX4FVauObaxStKszvihVBKFo2vVSsQ41vlbhq6YkzLIkF1EXwsh0V+Rt/bYk3QoiV74Ta1xDIeSCfNAyXXMB5JKQPwGNKP+1dQUAAA==
21,ba2a7195d9a64c028d52641290007fcc,470c9f39d46542f78a6bb95ed2316e35,dac1cf0b07d94595aaf11db1fa32e31c,2ef1b4075ad74384b89d890696dba7c9,1694685264583,490000,True,H4sIAAAAAAAAAB2Qy07DQAxF3QeQRkLsWCExoIpd1Cd9sKtKC6gFqoLEErkZk4yaJlHiUPpF+Y98GMLBC9+Z4zsa2zZAAyrGBoBKFapGw00FjqZRFnLFhhqj14A6ha4PZdSg8Wg0zQP0Urn+2nCiTRoHeBDXMkrIEmpBs8iHD+abFPsmVRypIt8skEWG7JMIrojhWvTNMFNSFkyookTLWezp1sTCxh24kKzxUBqiL7VHw4rNjtTeNwHBueAs9hLUJvTUIcoSFRNfQU04XEoqclobz2fHDYy7VVGoyjbkhywl6fS0yN0iD95Ws+nTZGlB/QV39E9L2zyI9pSADWezH05wwpyYTcaUWv97sheT98/58vVjtpaXWSaoOeq51MX+0EGNA6ffHnScMZLrtG+HGxp1RnqjxxY0yhFSxl0MZ+NWp9/q9tTtXX+kJs8AVTi+xx16BHWAP5lA8qqeAQAA
22,d937d84b06f34cd399b66de72e813775,45b42462f36c45b8809eaf46349545a6,18c75b1021744ab4be851c2760c90e44,32dc17760a964d57a72c93d745b50ea6,1694685265520,7000000,True,H4sIAAAAAAAAAGWRy27TQBSGj9OW2hYoVCy74HCRWDnNjVy6c5w0jQhBSkEVq2TsGSej+pKOx7R5Bh4k75E1D4EEj4EQxynZwEizmDP/5RuNDWCBIW0AMEpQkty4NeDIS/NEGzYcaLaw4FAkwRKKdQDWpeTiImKLjI6/bTjmMltFbE2qcaqESdPHtCvbTcv1ZST1+hyHiiUcXRUspRaBRtxuxHYTTUfDy4/ojUfeO3i53bSncrHUjhfJ4Ab1UmDIAoFpiAz9KA1ugGxtnaK414LiWBRhkCYJBQr+V2GRonBllX8RermMtCMTvNKpYguxZxgPLvYIL8j8YSWSbFd+VyBnD+IK9or4DE5Jciep2BdIjw6oOFRpjOs0Vzu/TL6IhExrTNX/MQRVJqhd7XAw6bvTzyYcTlgs4ITmBSMX6k2G1+QCG8qDe62Yq7WSfq5FdgzP/L1mViTPONOMUl89/2rCw/rhz7/z+bef/nxeDbAM8OsIux5dmMXnwpPep9G4P5heza7dSZ/a85ymr3mtzbvVeuDUOz53ms1O6HTaft1563dazW5DiFZYNcHSMhaZZvEKnjbOGtWzegNrtfNaHd33ACV41GcxvbPA+AM2B73hVwIAAA==
23,f7ea74347eea453cb4ce5d2bae469247,e627b6a7238c4774acd4627b6fc846f9,53a4767220e54d7a99008beea80410f2,8c69e16098f04641bfe70eca69cdc421,1694685265903,99000,True,H4sIAAAAAAAAAGVSy27aQBQd8mgBVUo33XuRLa095lmpCwcDNsFDY4zB3lSDZzDj2GD5EWL/Q78j/5Fv6XdUHZOoUVXpSiOdc+aeM3NvE4AGqLEmAKB2Bs4Yqf2sgcvhId9ntSY4z7B/DhoaI3QcYj/lqt9N0Fzc52E4P+5pUgdnOgHXhMrtHulJrT4VBy1Zpl6rv5VgC2LaEeWt2PUGHr/3PTnENMkYTRugntHHLE9oerKug0sbhzmt/aLHg68PpyJeSaEnm7vNWmG6evANy+kYlgJR6RRzS5fni+OtPlSYp00f3ChM3WV4rzOlqw91EUWOjCAKUHQHjWApomBUOoEHOV64qhkZqgGN0t0hpqdDpvj6/qbYQDfeTOy5w31f+kwRXqPShoPU/atDsQs7O6LZhWtPQ29tx15kv/hqZkFWy1edGVLNlDhXvnBplbV6l7UQw/m/WKW3i81Q9+dMYVgzRU89PMzktx6zSIo3kR140Tgiw07uru8eyMRun3Is+o9oMr53V6Ojq/qFETilq+qlURptpJLQKQ1xXuGWGTiWLhmBARHnncCHyCKMn4VrKW13NQ2M0mSu6h0rvc6Ob/kiKSTcw1mbu/+y8xlsVgPufzzNif9RilciO/1DxWvi7dt5MxjuxW984k3wnrA0DnHRABezQ0LrHLwA189PPV5jvn9EYHsh21GBUBrTNBO4liapcNiCT1xSMdN874dUsGgUh/Qzb3D1/NR9fgpno8kIqYrp1MEFwhE94a9ijeIk4/ZXo8cswUqWJWyTZzStV8sPPkyXaDIb/dBGimnx23nOwWu87RJJlAYtSiButdt00NrIbam17fZE6EFC+/1tHTQyFvGcOIrBx94XyEsWJPGr1BYUA4Az8E7FEfYpOAfgD5Ix/WN2AwAA
24,949c8cf089674d5fb187c19bcc1c43d2,0ad31d19e8d44a31b9145a28c93cf363,0ad31d19e8d44a31b9145a28c93cf363,e7456f2befe64254b8d18d0b42a452cf,1694685265968,749999,True,H4sIAAAAAAAAAEVQy07CQBS9BR+l8ZEYly7GKDvxUQsVdwgaTASMYlyaaecCk3SmpJ2JsnTnL7hw3f/op/ghxik+WJ2bc07OPTkOQAUs7gCAVYISZ9a7BcvtWEtlOVBWdFyGSpczvIroODWuLwdWGU+nEZ1VYOkmTtA2rAPreRbc8BFGXCK5hr088x8nKImWDBOSZ6F7XDXgC/rChRake3swN81iPZc/P15Jhwo6xsJFJTNAPz/eoGqwgyOU6VzhMkyQmjuYFQ73sG4M/qHpsGOwHYugKPDM1YRwhSIlXBI1Qdg1qqnYUirhgVZIrnTKYzmvhFITFcN28Xg6jWaE/rnSIngtz0Z5FrUHvd6gb8NSnwqELUMuwu4nNGFmhc3LF5XQfz51wFlklcGOfhcq5ga72Bs2W8Ph3fXFw/Dy6b7buuuYB1obft/D09A/cU9qYeCxmufXsdYM/dMaY2cMfdpsNN2mDRXFBaaKiils1I+8I9cljXPPJ60eQAlWfiY17+Absvb98eoBAAA=
25,65eb4f31cc34494f9e581351efb2b12f,3dba757f06f942988f7c4965acd4e09c,c8b6a889dc614611a312ad1787b1cac8,8fd191ac0e9243c0b64a692a9f5daa6c,1694685266661,800000,True,H4sIAAAAAAAAAGVTy27TQBS96QOSsKgEUgVIoOGplpLGeTlpdm2TtBFpqEhbiVU1tm+cUcfjyB7TdtkdG7pihcqWLPgBNmzyKfkQynWSRkVIXhyfc+7c10waIAUJkQaAxBzMCSfxNgGL236kdCIN85q7Cbh3qKwA+Qm3JCbmIbUrHGxI7oYU9CcNdx0R9iU/T8FCyw8wSewy3B8OyrvIpe5V2XDA13KmAQ+Iq2EXVYhT0jDgIZFNpVFK4aKybykA68OB2YikZB3UbMtXUVhlR+ITt4UfhazGgxOFYUgB5RUjW1yF14To2/ZDHbOF/OjXJev4kexK/zS29TFgpRCeExSK2b5ncc1Oe0JinDVU1KRQLqlVeETxo4svxNtrBWP0/YJ1dIDK1T14MZNwLW+Mvn2d1MY2teb2Cev0ER1Ynpm61M3o6seUL8348l4ktejLc8LW6OqS3R5DrFtjJbeeL53Fo5iVkzeM0c/frIGBbwsdm8rc5UKFmtWVg4GHCt7M/ONhvopNDve4i+w/LwCp5r5ASjud8kTjim1F8pTmDE8p/p2gVdxEMe0zbtuRF0mucbxGZ7LbWQLdQ299rPxzdlwSDfQz5Ehp45lmh3034M509flYI1RZoT+DLFnqmVogZnVSKu24ctATIRMaPWZTlRayALt+4KLzLE5oDgeyVd+pt2ubHz4yQjvN9k5nHhZtX/oBXEfXSVhocw/hSXzFhOKS1TDUBLTwFWuh69JFCCENS/UzHXBabSCsSGOYjB8JPG4025ut41q9c0DgoPm+fXyThU6OIrK87OZNNC0LM47ZxUwRK1bGyllmpuQUC8XKRqnslHNJSGnhUWbu9WFpI5srZPMFVqqWKmx/D2AO7tTGS6PG4S9HQTufqwMAAA==
26,15eea34e41a44bd8832f76d3057cb950,185738efc46948349abe1b10f6b6a15f,23bd904e2c084ac49b40c4dd0c3e9841,32dc17760a964d57a72c93d745b50ea6,1694685268648,7499999,True,H4sIAAAAAAAAAGWRz27aQBDGB5I0BjVCVY89dPpH6skEEwokN2McQKUkgkRRT7C212YV4yXrdRKeoQ/Ce3DuQ1RqH6OqOibl0o60h539vm9+u1sGKEFBlAGgUISiCAp3BThwZJboQhn2NItKsM8Tfw557UGpLwJ+HrMope3vMhwGIl3GbEWqoVTcoO5zWtXNuml7IhZ6dYY9xZIAbeXPhea+Rtys+WYdjwe9/hU6w4HzCd5u1q2xiObadGLh36KecwyZz1GGyNCLpX8LZGtpifxRc4pjcYy+TBIK5MFfRYkUuSut/ovQyUSsTZHgREvFIr5jGLrnO4Q3ZL5Y8iTdDn/IkdMncRU7eXwKr0jyIGiwx5Eu7dPgUMkFrmSmtn6R3POETCuU6v8YgqoQ1HZszx117fEXA/ZHbMHhBfVzxoCrDynekAvKUHEftWK21kp4mebpIbz0dpppnjwNmGaU+u71VwOe6oc3+x7Mvv30ZrOajxWAXwd46tCBASWpRCSSKxbB0aR/cTm9vB47fXviGvm/w1HnejDsuuPJ9MYedQksy6j7PmzUrNAKfJOd1Bpmo31SN9tBu2Fa9eZHr87CplU7pWwtFjzVbLGESuPYqh3XLWyf1VtofwYowrMuW9AL5IB/AAp6WipxAgAA
27,8e688b0231324214a71fc338a8fd6cc5,504c6e4c97514057819dece10e9ce850,67f6f76bc2eb435b88e0e4f0c70e6e92,8e464aa653b943a3acb4ac8044574f13,1694685268858,2000000,True,H4sIAAAAAAAAAM1U3W7jRBSetLtsmgVWICG4w5ju1cat7Rk7ce7SNm0ckrRN026TFYrG9jiZ1H/Y49IU8Qjc8wa5QeId8gQ8Aw+CONN2V1whLpFGGp+Z7/vON2eOp4bQDqrwGkKosoW2eFD5pYKeH6ZlIio1tC3ofBvtdHnAjiM6LwD1Vw3VLm7KKDr9MWF5FW25AdqlDsWEMFszHNPXMLZCrRlYhmZ5voFNw/ewpQPvLE8zlgvOih1UFexOlDkrHlJX0fMrGpUM/cZWPX16vdCD617kr1wb4vGFHp26y6zhJlcr79C13Rj2u227v3L+gbUEfWtFE9xbTJPz0ouv9D4eRaw7Mvz48nYw7uBJPI0n9x1reN9bTMxzPF0O+fCkQ6bL8/vJ8ooP4wEejgf6cHljTJaLeHo0WQ2XPp6O2/eDoykfLOf3g/ElHp64PLw2HHBeQy8CXmQRXe2gZ/00Z1VY/Ap9ulk3j2ke82SunDEBa59t1o0uo5FYtJTNmr5pEvQ5LF1kjAWPK4a91wTgJ5u13aVZtlKOGTC/BRCMXhlnSpYKniaFQqMiVeb8lj3wiIk+hhlAhRTbA40vQeN9+re8CNJYOUjT4oMajJOcJqIAAfzGtPbMP3/9XXliSAf4kQU4KadKSywKFFewWJp13ot37rIn5a+lJlgqHj3pr2FuZEwoDCBhmqOXED/RpKbEQz/MoQMKRaRKn92ySGlaUp418Wv0x2ZtbtbRZh0r/68p/PftXB4AE6Pu6NYeVNreh5gYxg0ceveh9mzE5wuh+RH3b+TRaRAoYsELRZZLpLJV2Cot84c4Zkn5jWy0zdqCHJ0z97CKng1pzNAXoPaufwtVI99DUmtEPY8LaMlXnTuR07YQOfdKwYoqegFSbhKmlZc/qWKVMbWljtoHB+5YravUF3BvaiuEtmJ1Fe5LbVmOjU3wbzeIbhPSMOsq/LY50KQBIC3gSZCCH2gL6A/ZHgA564xn7rgzmB23RwN3eDK7+M7t92cHp6cX49moPeoA36dJsLosWKC29Lpalhw+VN9oEGY6TS00bKYR03A0R2eOZhHPsKht6wYmwC0T/kPJXMkIA584YZNpXhhijYQs0DwHe5pFScNoNENGLPPJ7UPRD2XNnzz/XJXvHdoGu1BRaQHt/hcHVbQjeMwKQeMMvXL2DbJvYoW0LFtpDxDaQh8d0ZjOGdpG6G843UOPXwUAAA==
28,30da77c35ec74ac8910de9f4fe4e2e5d,e627b6a7238c4774acd4627b6fc846f9,53a4767220e54d7a99008beea80410f2,8c69e16098f04641bfe70eca69cdc421,1694685269216,99000,True,H4sIAAAAAAAAAGVSy26bQBQdO0lrW5Wy6t6LbN3wMH5U6oKAbXDMOMUYGzbVwEzwELARjzjwD/2O/Ee+pd9RdXCiRlWlkUY658w9Z+69HQDaoEE7AIBGEzQpbvxsgAvlUOzzRgec5Sg4A22NYjKNUJAx1e8O6KweiihaHvckbYGmjsEVJmJ/iId8b0S4cU8Uid8b3fNCT0BE4sR7buCPffbuLj0kJM0pydqglZOnvEhJdrJugQsbRQVp/CLHQ6Arcw5t+MgXzZ23lamuHgLDciTDkgVYOeXS0sXl6nirKzL1tfmjG0eZu44edCoPdEXnYOyIUIAhjL8LRrjmYDipnNAXGF66qhkbqiEYlbuDVM8UKgf6/qb0BDfxZvbSYb6vdeYQbWFlC+PM/auDiStIO6zZpWvPI39rJ35sv/pqZok36zedGRHN5BlXvXJZnbX+l7XiouW/WK23S0/RgyWVKdJMzlcPjwvxvcYi5hMvtkM/nsZYkQp3+/0Rz+z+Kcdq9ARn0wd3Mzm6alAaoVO5ql4ZldGHKo6cyuCWNW6ZoWPpvBEaAmS8EwYCtDBld+lact/dzEOjMqmr+sdar9Pje76YjzDzcLbm7r/sbAbeZsz8j6c5sR5laMPRUx9qXuNu3++bsbLnvrGJd8BHTLMkQmUbnC8OKWkx8BxcvTwP2Zmy/cNduu/mO9LFhCQky7tMS9Kse7gHn5mkZubFPohI1yJxEpEvrMDly/Pg5TlaTGYTqMqm0wLnEMXkhL+JNYLSnNlfTp7yFMl5nlKvyEnWqpcffJqv4Wwx+aFNZNNir4uCgVeeNMIEI9xD2Bv1+iOJY4vuD3rScCAizPclPEIt0M5pzHKiOAGX/LUwuhbE7vir1O/eGQA0wQcVxSgg4AyAP2VrW511AwAA
29,e66d084f3daf4c799a25b4f31716392e,6332dd24630843dc990eabe6192dde9a,6332dd24630843dc990eabe6192dde9a,b0b7577db70e4f80b6c5f62085b25f39,1694685269276,360000,True,H4sIAAAAAAAAAE2SzXKbMBSFr52kwe50su0udJpdhkSAsU13juMkpMFObecHNh0BAgsL8AgRh7xDn8PbPoMfrFO52XRGm3Pvd+65GqkN0IIGbQNAowlNGjV+NeBgWFS5aLRhT+BkD1o3NCJXDCelpP60oT1bVoxN1jnhCjSdCE6CUA+6EcJar2dZmmmZROt34kgjcYxsA9thTDrSd8+LFeGCkrIFiiCvouKk/BetwMEjZhWB36S+Rf7zAkXPtyysna7U8xliEydd9Zz8sQ6GTtfJZP9m0L2r7f9YS+Ani3nm7cLPf1RB9ojuzCkjN1M9zB5e3Pmy4197yM08NH6LMjcdvfmZp/tzthwb/mL8NEKe4SJv7ll+6qz9S5b6T17tpcu19zZd+POp9DDqX45MN01ML32g8bNuy+3bcBjRcsVw3YL9u4ITRRYP4Xi76c3wCynVuqi4GhY0L9WYF5kaESwWZ3AqgUnOanW9ILlKd+eF5KLgtVpwdRCGpCx34gInZ/BxuwmvOE4oI1/k+K/bTX/OaZIQXr77WVHSPFENtDx9zzqT2OftBm837GE8nLjuZKwOhsPRbDaZegrsj3FG4JME7uWYXUq+lFc5Gr0KjgdCcBpUgpTK7lPIp3Our72fF4Pxd+msKlk6wX0D9boW1kISh1rHwlizA0S0UO93TB11AhsbCrQEzUgpcLaCI/tcN88NU+190w313gVowodLnOGEwB7AX+KU3EWLAgAA
30,f79ada58e075497daca91028ef00ea02,1affa51f495e4385b0d8c8595e3ce550,4bd2c827e46a4169af13a6d66f1d79df,4ea43a2081b449c2b8000545320c5279,1694685269454,485000,True,H4sIAAAAAAAAAFVSy27aQBQdSNICm6hSu6tUV0pWlRs/eVTqwjEE7GC7MTZgb6rBHszA2EZ+xIF/6K7/wH/wYVUH2kW7GF3p3DPnnvtoAdAENdwCANTqoI7D2o8auFLTMilqLXBRwOgCNEc4RA8ERjll/WqB1mRTEmJVCcoaoK6F4KYXCN2O1JZYHnJtVkQoZLu9jsS2wyCQeT5siwuB/vuWpVuUFRjlTdAo0EtRZig/l26AqykkJar9RFUaaarOwRlPAtFeLeYK1vppZDiubDob3thHvLlWOGNSPWqqgoOR/uzHJPddstGw0tZUTaScnT+0Yy92OavvcqYzXVt9jffXm8oYepI19DfGXo8tVctVrERacr9bCP52MZxaHq37R0eXglmFx8rZzx7OwtKb23wQTyf+/IGHc534qhZZ+J4Lkin5y+P8+YoLaS7YnXOdsz716XKF7uD/sBOf6lXn/rSY/hsp7fGu94+GXMCZTDxRX/nJU7mIp9xYtAkanXy4z8b+ITb2WmXQ3gznaUfnIxh7+vrGzhMMikeS7+grb28IZj+S/bXGeYK/MmeuTOezMhyTUM6LJ3iCNfNEU/A42tPj2duIo/G+pybcV7qhFngd4nxL4K4JLsdphhoUfAVuj4fOMINJkTPHA/zE39LQoYvNIEPStGCKlEFJCN5RNF0yYZlEKE2YYIXyIv9MFT4cD8jG0apgA4KDzYn/jFHFZCjAW5R/pJT3x0PveCC2Yg+YvmsOB5bJKKo6mEws22uASxPGCLylJCdDMKcXxTiQ4DyGCTV9PTh5UYoiw4uyQHnjdOLgjWMPlIlrD747ylibGIpJdcqSZm5QuxuiZcixctCDrCQtBRbSE2ZDkROWXbkDeWnRAM0Cx7QFGG/Bde+Ol+4EkZG/CG1GMQCog1d9GMMIgQsAfgOVJij4YAMAAA==
31,be2c371eceeb47509165d6496cad2f7e,1a7d210418cd44e3a24b194a69b61666,64c78adb0ca4422ca63a0c16a780cbc9,52290a55483c472790b723e16be9fbe4,1694685270032,1200000,True,H4sIAAAAAAAAAHVUz2/jVBCeNNuSBNDCDYG0PKRd0ZIfTRwnTnrLpmk2UlsqtbsXhFbP9th+qvMc3nvu0iMSB06c97BISKwUiSNnJKT8KflDEGM7WcKBSzKe+Wb8zTczrgFUoSRqAFDagz3hlxol2B8nqTSlGpQND0vw/nPpKuS33I2xVIbqM+HjWcxDTUl/1+A9X+hFzO+r8OA8UVgh7yP4fLV0psgVu/bId8JWS79nOfQ3OOzY7eERHBLg2iiUoYmysFe37FaPjOFhfXCUA+tOp9U9gq8IOVbCsHHEpYcFuPekgPaebLEtMqG5xZ7yOQ832I69AZOxQdvdFtnwiODPkMcFBV63ugUHQvQH1hGQ6ZxigFJjARh2tnGr3231juAxIWbSYByLEDfseL3T38LsfoZ6mD18Q9D167dkfUsSdYjRVCWvTMRekNnIGF6pxKBnRCL/9d1EiZKazWYzSmqtlv2zNI7ZNRr2NJGpPmGTIBCeQGmYUVxIIcOM9WH72C7kmNyhuieXmzFyxtxwL5m7msV4h7FuMBMJzbiaJyof2kKghyykSprVqRcr087RhhvdIgbZMKaKS0M5vi8yrjxmbkYFNXO5Rp8R/fskVfBplogxdUROP5UhUsSLudZfUKUvKUqsnqLSqG7pIZPOoVd6Vnv9yw9suxxgFcBsTqh2cLy3fv0ju0DpU8/kamR8PZuS30KVrGKw+aJR+gWtw06y22uv3/zMdke3fdENl7t0eJcq/sQ2a0A+xqXPFPqphzrXw893jRl+i5K5hda5akGiGHIvYrmoecckDIv4HTL8LhULJoJMKpIfWURbS8kmwpyy5nNk80Rqg4q9EjQlSSWx087HgV4ifRpIo6A8Ul70H22GpM1vbOdqMn3gk02wQ9Ff2c6d0Dg+Wy17q2U8uZqN2enzy+nk60t2PplOZ5fT6zLse0lMC/LXn39U4MElUYMTwp8JVLQsI58vjKCezjEMaRaaSPTXb37/v1+owcPJ97StI2OUcFODugKVeeKLgArCQZCXLcOH6SJU3MeX+aoSx/1K9oWCj0eno6ub2YvJyy3BGnxAE6RGzZwOQZfhwORnQzllegjzO8sKlKG2eHdkmQOonzSloo8dx8Z2tzdoBrYfNG1nyJvukAfNdtDFbtAf8uGwW4GqEXOka5gv4KNO+9iyjy2LDU7aA3Z1AbAHB+8EhX8A3fbh/FsFAAA=
32,bb2289ee5dd14ffaafd5437cf670683c,470c9f39d46542f78a6bb95ed2316e35,dac1cf0b07d94595aaf11db1fa32e31c,2ef1b4075ad74384b89d890696dba7c9,1694685270170,490000,True,H4sIAAAAAAAAAB2QwU7CQBCGp4BamhhunkxcDfHWQIVC8UYQ1IBKwMSjWdqh3VDapp2KPFHfow9mnDKH+Xe/+Tc7MwZAEzRlAIBWg5ry4F6Ds0mcR6QZUCfpN6GBkRtAFXVovigPZ6H0M77+GXDhqSwJ5ZFdizhFnakO7bIYPqsfFBSoTFAsymIzl8QypABZ5BIJ7ljXigjTqqAiEacen9me7VTCbGTBNWdPHitDvBUHqUiQ2qM4BCpEuGKcJ34qPRX54hjnqUiQbqHOHG44lQWulB+Q6YbK3Yk4ElUb/EOeIXd6WRZuWYTr5XTyOl7o0HiXezzRyjYL4wOmYEBr+kupHBOlapMTZvppT8Z8/Pk9W3x8TVf8Ms8ZtbeDTdfuDW1zaEnb7NtdNDfO1jG7bk96juxbA3ukQ7MaISO5T6A16lj9zkNP2I99R4zfAGpw/iT30kdoAPwDDva37J4BAAA=
33,9f9035a8251d47cea0f6a09525ad4e92,9127e2a2d60448a3b79048a6fe562e36,d3d6edcd57c942c29b2419fc1e5a52ae,2c5ff97a21244fdb9cc357146bf98ba0,1694685270304,4000000,True,H4sIAAAAAAAAANWU4W7jRBDHt+0dl0ZCBQk+IAFawgU+0LSO3cRNJT6UJLQJsdtr06YJQmizHsdO1ruRve7VAR6B58gL8AQRz4UYJ+F6r4AUZe2Z//zGMzu7RUL2yU5YJITs7JLd0Nv5c4e8bKpU6p0i2dNsskf2L0MPfhRskqDqnyIp3s5SIa7eSogLZLfjkddewzzlUIMK2PhncY9XGPOrFYM3LO+kMa5xq4px17GaQ6xDSPZJQcOTTmNI1qkL5OU9EymQvyDrGqOHwPAeuoJnnTq+928NcdWZzu2OvM/GzU69E6H/8rzeyxrvaWuaDWpiaHWDkXyTjqN7o2fdCLi8qfLo7nE0vRfDxcx0W0PDHbRPRoNRMFxwcxjdZaNp23Qu3ljor7n94cKddiNn0Q3d6d2Tu3BqzoVTvRo4C6c1qTotxxhNz6vOhRuNwm7DfzC+xwqK5JUXJnPBsn3yoqdiKKDxC/LhannqhDKUE3oNGk2frJZ2C3yQCZzR1ZJ9ZxyZNfIpWm91DHKig9zMN+bP0NyRGoQIJyD5+xG5qxmHmjYDtvXkQUat/OxqsYhN4JlXxvwfr5Z1zKTkBGL6g5KQkG9Qj78+m0HON46sMq62gCSh3hpB/VhFeS12MgMBWsnkCFkHyBqEOshJQimcgw2pBUxsSOaaFGE7/iNplYfZbzdhkRqvSR8hCaN08G1C+yrlAfl6g7qbK0mDUOu8g0xSkBBlNJS+CLkmX6ICOXRLA98Hrqmv4jy7WSaf44KSbWr1iBqLJsCV9DAttuK0pSChUmmaaMZn+ZahHsd0EufVa0V78AiCmnkTwSiTv1dLf7UUq2VE/z9LvP54bPExrvW6gWVudgpuwkmgKxybOcuLZZ5HdRAmdA463ynsEGQqjdfvEcj0q+2uI7rXvmi7rfObYYG8cFkE68793HsUtPoLfR6M2+3A4AE5aD/pmJ1rHYfjVENSIK+Q25G+Ir//VtLZHEpnpUGnf9m++fX2p3av3b9yS4clxnX4iC6fiQQOS/A0L53hoB+W8B6JMeLdh6A2wIsqB75Tcya97C4BD2M27nXJzbzireiPQn7tkb3rdh9LSVN8ft0wbKtqntQqYJ5A5aRq8soYO1fhvs9tyz4d2wYe8H0dRoCDE83JQeO4ah2bFj09Mwx67RCySz7YnD+yR8i/9mleaGYFAAA=
34,9d9a1306f8464644a5ed73a58a0f20ec,6bc043cbdeca4be6acf8189c438d6034,2b6ff0063b2748c093b48ccfd326ea56,c61370b5019540dd996d640ff31362ad,1694685270904,7000000,True,H4sIAAAAAAAAAFVSXY+aQBQd96NVXzZp2neSbp8auoCC2qQPCKi4ArsIIrxsBhlwENDwsUr/Q9/7D/wf/rCmo9mHNpnJndxz7rln7kwbgBZo4DYAoHEFrnDQ+NUAt9K2yspGG1yXMLoGrQkO0CiBUUFYf9qgPd9USWLsM5Q3wZUagHsO8r1+nxVojmEg3RnwAu2z3IBmBH4QhitW8PuQ1D3l2x3KS4yKFmiW6FBWOSourZvgdgGTCjV+o/02UqUpAx02WXXMtb8UsSpvI81yOcOyD7qs1Lqs8bq0f1QlEa8m01cvTQrPTjYqFgVSizVLYzXZTLVYOxhjlTEcPXad0caTV7XrLNZuqtW69cxqklpIWIzUbFj7nLfzxwvDJX3fdGy0HOae08Uz8eLpJ3SCyl2a7CpdzL3liIXLaeJJamTgIbPKFskbj/GWayYg2Kq+YL1LD+LVZsqphf/LnflEb3+5o5qSuokozOrBPxp8CR0+cTvTtZc9V366YGYdM0GTsw/7VXfUru7YteG4ZC9iw1F4bWwzhjxNXGuBDTIrzZnGbvzM6vEQu+ko0cZm7MkK68lB7FmjjSG7e83yMJkrq6c2b0jq48XbhCFxOJAy5gd5pTZ4H+Bil8C6BW5m2xw1SfIGfD4de2SNc5iVBXU6wq8s/4VEQdrijMQezAJAXUhQWT6dTznawzwoqDDfplSEw7L4RqQ+no6D0zExRVOhRElS5nPDdJvgRocpAp8IOCQ/hBoTOmXBBBcpzIinO+VQ5lAsyxz7VYmK5vkXgw/Dma28jNWR9WKJM3WuiTpRqioC3Xd6Agz5vkCHYRfSXd7v0D7j83SPCRihE7IoDIUmaJU4RUUJ0x24Y7kH9oHjqO73Dkc9aQBcgXcyTGGEwDUAfwH4MiEkRAMAAA==
35,14e4d2b855de469abd110d88620364f8,ef01a830b3fa4529bb1513ac073e05d5,ef01a830b3fa4529bb1513ac073e05d5,99cc3feac87d4cc6ba4f788a49ad3108,1694685271426,8700000,True,H4sIAAAAAAAAABWNUQqCQBRF76ilPoi20Db6HKapPrLADcQLh2FAM5wRqg25DxcWjb+Hc+4loIRwBEAkSFwjvgIr1Y/PkBLSwDZFeXaNObZsfbR+hLxx/tXyp0R26QdTLC1onvbz1Nay1gWyK3cGm4gqth3vVNRA2Op3GFiGMLjHGIwvlkNQJU+VvKtbrYEE6wN3bE0cxR/7puZZnQAAAA==
36,887359af12644c53b7681e14bd5a5286,5c0aaaeda6b44a6a8a908d04488e10db,a6d394dc3e2d4ccc810ed43254340331,83ceb6e365154c7592ba12173cb0bac3,1694685271828,4899000,True,H4sIAAAAAAAAAC1R227TQBAdpwWSgBRUqPo6CMRLFercHDdvlpuSiJZUjSkPCEVre+Ksau9G3o1EfqJf0GfyH/mUfghiLHjZnT1nztGZnSZAAxzZBACnBjWZOscOPAv1RlmnCQdWZA68/KbiksS9iHNyDqAxkSld5iIzLPrThBepNOtcbBtweKVLqjP6Co72u+GFKERGI9zvktNO14W3jM1tSSqzq/+o60KLK/8HU0+PD1z9ZHlvv/OCWObSbkc4VcYKZTEqhTKFNEZqhayh/S6/nX6eRBheTcMv8J4tIspprUvLtPAxznVybxhGsSKRol7CR35t9QaFSjETUlWNpwOXr+XT42+cr4lSboETPpa6rOgeGkq0SiujT/CGI14LJTDUxlZD9Pp9TszFkJloJQ1KSwUmQmFMWBK7ZJS+g9f73YATj2+mIc6/z24v6nD4VRQEx0wEZk2J5YBoV4R3WqbQhNb4ly1FYG0p440lU6/WA0fB/GYcRovZ5SKajBd3s2nltNkw9cHz3bQ/9Nx2Mki67b7viXY89JZt/9yPeQHkJX6nDg0rC+I/LdbQOj/r9M+6PRyMXA+Da4AaPP+3Nh4K/gKjNV9eHQIAAA==
37,519a855bc4a44eed89ab3f95fe66bc70,4d43165faf974585b8b0d66c4fabc572,37a0a18a80d94cd6a9d915061e20ce74,32dc17760a964d57a72c93d745b50ea6,1694685272507,7500000,True,H4sIAAAAAAAAAGWRy27TQBSGj9OW2hYoIJYsOFwkVk7tJDROd46TphEhoBRUsUrG43Eyqi/BHtPmGXiQvEfWPAQSPAZCHKdkAyPNYs78l280JoABmjQBQKtBTYbaZw2O/KxMlWbCgWILAw5FypdQrQMwLmQozmO2KOj424TjUBarmK1JNc5yodP0Pu3GdnPqBTKWan2Gw5ylIXo5X0oluELcbsR2E09Hw4sP6I9H/ht4vt10pnKxVJYfS36NaikwYlxgFiHDIM74NZCtozIUt0pQHItj5FmaUqAI/yoMUlSuovEvQq+UsbJkipcqy9lC7BnGg/M9wjMyv1uJtNiV31TIxZ24gb0qvoAnJLmRVBwIpEdzKo7yLMF1VuY7v0y/iJRMa8zy/2MIqk5Qu9rhYNL3pp90OJywRMAjmleMochfFXhFLjChPrhVOfOUymVQKlEcw+Ngr5lVybOQKUapL55+1eFu/Qjm38P5t5/BfG5zrAP8OsKuTxd69bnwoPdxNO4PppezK2/Sp/aypOlL12k5rttpWrzbDK12s9W2XLsTWaevWdsVrRZ3gkgHQ8lEFIolK3jo2CfuSbOJjn1md/H9W4Aa3OuzhN5ZYfwBRR8Nk1cCAAA=
38,7bb41bc6be8a4ed7b579ecd8a0064f49,26b37fe563af40b48237075c457eb15e,c4761f24972e48618771a994bad78bbf,9361554da38c446c843d2c9d2f43f3ee,1694685272867,29665,True,H4sIAAAAAAAAAE2R20rDQBCG/23a5qDoRQVv650iCFKLh7vSVg1IW1D0smy7k7qYE8lG2nfx2ryG5FF8EHGT1sPFws58//w7M+sANph0ALAaalKwjKHRj7JQMQeG4gsbrX6WqiiYREpG4dDzaK7SqoDB7AUzSaGCAWuQJbxUaLLHUHOF5nYviH3pSUqaWmLfSkHXPl+kWvPlwBQyjX2+slG/ixKydLahz36RX97HRKL96LrtIvcOTy+uzjpHOCjy85uEhyrVWX7c6Zbw8+29Xak1PNHVTpF3i9wfTty+hfqIB4SWTv0ZrueAg93hUiW8p1QiZ5mi1MB2XLGpT6/kay+TwaLwmYdzEsxCc43RSEszGyb9W4aBxm+Zlq7RRmpgR2y2M1Vy/qLnf/pwYAeRqJajYwtbm8fVKiY0J+MHdzyyyi/5CcpmlopCoZsBamgOeMAXpG/4BoWbUp/HAQAA
39,e5e97f0d24344f748280ae01bcf0a35d,d2a9d5b1b0544c55b380eeee924bec50,1552f2cd44534855b25be4fe1547fd10,01b70b90f6864ed3b88f650cd5567acf,1694685273028,2699999,True,H4sIAAAAAAAAAG1UTWvjVhR9TmZa21BmdoV2MW9gSqekZvQ5sQOzUGTHlieSM4k/Im3Kk96N/OwnKUhPcZxdoYtu2lUXs2ih0EL+R35Kfkjpi5WBpBSBxLvnnHvOvRJqItRANdZECNW20BajtV9q6KmdlamoNdG2IPE2agwYhQNO4kKy/mmi5smy5Hy0SiGvoy2HoldGGCqmotKWQsBs6Uqn0wpVvd0iQA2to4O6G7Wl7ijPziEXDIoGqgu4FGUOxca6jp5OCS+h9husstixhwqZqTzSj+fhqcWcbha7Y990F4456jqaO57onr1679gWiwbDiyDhRTDhS4dZbx3bWY1mH3Q/GS68vn8ZJBMlWPClvzhmQdJTZR/N61r6aBytfeYUNrNiJ91fh1pwHvanI1/6Vn2GHBIhe977aDwNkwOFng75JJle0hlfB7MPm2x0MFSDk4pH+1ODDqbr4NTdYNU80oN7hycT43Htjn86LO79Mjo4Xo1Y++JBjzKc8TKYeWt/FiiHicmp3VGC0/kmx+FVtPITXwu6kRYshnO36yXuVc8MEnnJ+byZb7iJY7h9R+5ush6ND3iQHM/dq2Dp9Y+Zu5gyf+YtPW06H3WDubeY6P7aeb/JNlDkc79jp8o7+Yaa6HPKinNO1g305DDLoS6Lz9HXN9e7JyKHNBbzPXxzHe2Y8t5+vaPq36GvJDgAwiuI7KhKhWlvK6wLZ5AWUIEPdAh9I9F+TlJRYEIpEyxLCcdhlpYFFDgkBVCcpeiFpK2zMscFcIiELNIyjSFLccRJUbyUnb6VlJvrcB/yAvKlPNy57e7IpKpy+8eP+FN41KmId3kh/y/vb1zNIUvfY1kk5u3Hn7ALKWVpjF5XUpfE8EAYaubt779iJxXAOYshjQDtVswxSR9FMf/H4c72Z3y/IrRXCa08mj9K19FuP/6F7ZwJbM+JtPik78iEf24A1JCnLklkOrkPvGnUHs9ZgZmABEckxSHgHM6yPAb6En15c23eXPPekWPj7sTr90Ye3u8djuvoiUcSQM8lblFyLtgF4H3gQn4bz3qXIieWEDkLSwFF/e5Pgr6wutbR2Jn2frjXl6WsvlLVtnEGatiKqBa2DB3OWm3NVFr0zDR1U4sM06B11BAsgUKQ5Bw967xRjTeajs09U8eWi9AW+ux+om2E/gUkpS/EwwQAAA==
40,1332d39178b4455a97fd963e1bdfe78e,6d3160bb706c44d18eb27d9c1206565e,4608143662aa4adcb8124b4b3c2acfca,4fc6dcbffa4c4fdf9e0b7f4cbf61ec26,1694685273373,2100000,True,H4sIAAAAAAAAAF2Rz27TQBDGx0kLTkAK4oaE0IKK1CpN4jiOTXJr3YQc8k9qKo5onJ3EFrY32l1L8Ai8QU9c8x55FB4EsU6LQJxm9c3M75uZrQPUwErqAGBVoJJwq2nBaSiKXFt1qGrcWvDsLo8k4ReMUrKqUJsknMYpbpVp+lWHpzxRuxS/1eBkKiTZRn0OLw/7YEKY6njIDntsdvvOUbuhDeWKHkS3Dw2j3e6I+IPSg3dGGKPMknzLxkLqIv9T7JowOG+6F8bg7LD/sEpIEmfXIi/UkIVS7IxwjIqdOx3vAt4a1j+4TzGhvmQhSim0umSY8xIULIVGLUixGBXD0sxpO7335hGsY8zXdBxKbBg37F1Jwke7dlnzUWKuFbw5mvnOz/t79t8CJtM2Q78y5MM+vZuHi9lsMWfhZHS7Wk6vVqMqnK5FKiR8/8FsOJljRvDaVF8XSqclaEapyFkYk9Lm1JqgDo3RVy3xSmuZRIUmZYOdCZ5szBHAjh4b7fJL4cVsNF3MP//1Mx5FYRJnvOsFfMOxhdiPWt6g77ci13dbzsDr+uj5GEQDG2o6yYwzZjtoBB3X77g95g09jy1nABV4coMZbslsCL8BZ53eAU8CAAA=
41,394bb24720194ab5afe49930ae382eff,e627b6a7238c4774acd4627b6fc846f9,53a4767220e54d7a99008beea80410f2,8c69e16098f04641bfe70eca69cdc421,1694685273640,99000,True,H4sIAAAAAAAAAGVSy26bQBQd59HaVqWsuvciW1o8+EWlLgjYBseME4yxYVPxGOMhg414xIF/6HfkP/It/Y6qgxM1qipdaaRzztxzZu5tA9ACDdIGADTOwBkJGj8b4FI+FPu80QbnuRueg5ZKAjyhbpgx1e82aC8fCkoXxz1Om+BMC8B1gIXeMBh2uRHmRU4QsM+Ntl3IQRf3eWHLD3zRZ/fu0kOC05zgrAWaOX7KixRnJ+smuLRcWuDGL3w8hJo84911l/qCsfM2EtGUQ6ibdl83JYgqu1yYmrBYHm81WSK+Ont0Ypo5K/qgEWmgyRqPYltAEEUovod6tOJRNK7syIcMLx3FiHVFh3rl7BDRMplIoba/KT3oJN7UWtjM97XPDLkbVFlQzJy/OpQ4sL8LVKt0rBn1N1bix9arr2qUwXr1pjMoVo0u46pXLquz1u8ylzxd/IvVeqv0ZC1cEIm4qsH7yuFxLrz3mMfdxIutyI8ncSD3C2dz/xhMrd4px3L0hKaTB2c9PjpKWOqRXTmKVumV3kNKQO1K5xc1bhqRbWpdPdIhYrwdhRCZAWFn6ZhSz1nPIr0yiKP4x1qvkeN7vrhLA+Zhb4zdf9nZDLy1yPyPpzmxP8rcNU9O/1DzKn/7ft6I8p7/zibeBh8DkiXULVvgYn5IcZOBF+D65XnIasL2L+iQfSff4U6AcYKzvMO0OM06hy34zCQ1Myv2IcUdE8cJxV9Yg6uX58HLM52Pp2OkSIbdBBfIjfEJfxOr2E1zZn81fspTV8rzlHhFjrNmvfzg02yFpvPxD3UsGSa7XRQMvN7CkeCLosC5w6HI9aDHc95o1OMG0IfCSPS9AG6boJWTmOV04wRcDb9CVkJH+NbnO3c6AGfgg+LGbojBOQB/AKKFN391AwAA
42,5a9b70258dd04ab7ae77bb69d56dab18,0aaae1a84f394fd6a3008c6b40a66168,83845ba4d32649329a0bf89cb84ce352,84f79e009af6495c9426d2265df7f761,1694685273892,2700000,True,H4sIAAAAAAAAAG1Uy27bRhQd2UkrCSiSXTd9TIAUTeAqofiwRANdUJQsUTEpx9bD5KYYkjfUSENSIIeW5V2BLrppV11k0QIFWsD/oU/xhxQdiw4QFwUBEnPPOfecOxxMHaEaqtA6Qqiyh/ZoWPmlgh6baZHwSh3tcxLto9qAhnDMSJQL1j91VD9fFoyN1glkVbRnhei56vuSJjXDhkRAayiSrjf8ptJuEAhVWVeg2QraQneapSvIOIW8hqocrniRQb6zrqLHU8IKqPwG6zSyzKFEZk0WKGdz/8KgVjeN7LGr2QtLG3Ut2R5PFMdcv7FMgwaD4aUXs9ybsKVFjUPLtNaj2VvFjYcLp+9eefFE8hZs6S7OqBf3mqKP7HQNZTQONi61cpMakZV0Nr7srfz+dOQK37LPkEHMRc97H5klfnwshRdDNomnV+GMbbzZ2122cDBseuclL+xP1XAw3XgX9g4r5xEezDk5n6gPa3f8i2F+75eGg7P1iLYvP+pR+DNWeDNn48486STWWGjqkncx3+U4uQ7WbuzKXjeQvcVwbned2L7uaV4sHjGfM3NVO7ZUu2+JvZtsRuNj5sVnc/vaWzr9M2ovptSdOUtHns5HXW/uLCaKu7He7LINJPHt6GYifS/+UB19GtJ8xcimhh6dpBlURfEp+mp70zrnGSQRnx/h7U1woIl3+8WB3Hylai/RFwIfAGElSg6aUgmr8iv9JfpSoF14B0kOJfxQjNA3gtDPSMJzTMKQcpomhGE/TYoccuyTHEKcJuhrQdukRYZzYBBwUQyLJII0wQEjef5MdPpWULY3fgeyHLKlWNwZtg5E4qZ0+8eP+MMQSC+Jd6Eh+y/vb1wOI0rfYVEk2u37n7ANSUiTCL0opTaJ4COhL2u3v/+KrYQDYzSCJADUKpljkjyIov2Pw53tz/h+l9BRKTSyYP4gnS7fvv8Lmxnl2JwTYfFBr4uEf+4AVBOrLolFOrEfeNeoPZ7THFMOMQ5Ign3AGbxLswjCZ+jz7Y22vWG9U8vE3YnT740c3OmdjKvokUNiQE8FboRkxekl4A4wLs7Ik94Vz4jBeUb9gkNevbtR0GdG1zgdW9PeD/f6ohDV5/qhpOg+6I22r7YbqkaChi750IC2orXUw0Nxa4hTVuM0hpyTeIWe6K+b6mtZweqRrGPDRmgPfXI/0T5C/wK5KP9iywQAAA==
43,af6d6c84b780432ea919bb63949d74a9,7b88b47c192f4d7f9404a3f5beb2588f,3b84a021102b48d0987df2f3154add4d,107dabec2c064621a0e10a37ea78c6fb,1694685274761,900000,True,H4sIAAAAAAAAAE2SzW6bQBSFr/OLrUppparrSZVdhQJD/EOkLIjrxKQGx//Bm2owYzxkAAuGxuQd+hx+gT6BH6zqOFKkLue755w5dzQ1gCpUWA0AKgdwwILK7woct9MiEZUaHAoSHkK1ywJ6x0mYS9XfGtRGzwXn/ZeEZgoc2AFc4KWpY4obaoMuWqphEKyajWCp+kRv4YVBia5p0veYpWuaCUbzKiiCbkSR0fztagWOp4QXFP7Q8kGbP6204OmBL0q7Ic/jkcb7drRu2sm09Nt2w47lvGs1eqX5n7YuyKzOPeNhNU8GhR9PtZ4x5LQ71Bfx5Fd/Nqn3Z0M+n3l1Z8yfvcjD3swpvXhQ9u8H2Hm1Svd1gj3sPrvjIHKxd+VFndKLpBZ3rubRYOO9uty577y493eRM3MjO9HN5eDmRm5Qg9OA5WtOyioc9dKMKrB/2Y+7bbNLCRera7Tbkm86nEkyWlMavIMvEtiJoJyzkCYL+s4BvsrJbtuyFgua52lWoowu0yykOUpSxNMkpNle0yLrNS/P0ZTlTCCHbF5kFmIJEiuKuoUPn6RGSAclWYJi2e1chn/ebc3dlg+tYQdZ7XZnNOoPPQWOXBLTfSdztCIBDdAtEWhMOMtjksgtzzobkRFLiIz5haC5AkqcBmzJZJeT/M2iQDXNWMiSMQnhdOL+cPszV9n/Lfhwa41/jq2ePXIsiY6KQsIL3zCMZUPDqtE0dfXKJIbq15dN1axjo2VgzffJPlSwmOaCxGs4w5e4dYl11Lw2mujRATiAk+8kJiGFQ4B/v6Zt3NQCAAA=
44,d96b0cf2bda2474ba5a7dac2d33496d5,470c9f39d46542f78a6bb95ed2316e35,dac1cf0b07d94595aaf11db1fa32e31c,2ef1b4075ad74384b89d890696dba7c9,1694685275114,490000,True,H4sIAAAAAAAAAB2Qz07CQBDGp4BamhhunkxcDfHW8J9SbwRBDagETDyahR3aDaVt2qnIE/U9+mDGqXuYb+e332RnxgKog6EtADAqUNEK7g04m0RZSIYFVZJeHWoYbn0oTxXqz1rhLJBeyumvBRdKp3EgT+xaRAmaTE1oFrnzpL9RkK9TQZEo8s1cEotDPrLIJRLcsa41ESblgw5FlCi+sz3d65iZ24FrjkqeSkO0E0epSZA+oDj6OkC4YpzFXiKVDj1xirJExEi3UGUONxyKHFfa88neBnq7F1Eoyjb4hyxF7vSyyLdFHqyX08nLeGFC7U0e8J+WtlkQHTEBCxrTH0rkmCjRm4wwNf/3ZM3HH1+zxfvndMWVWcao6TjY7g96rr2TqmP3sT2yRz2na7vDneoNu932QPGK6uUIKclDDA231em3uj0xeOiPxPgVoALnj/IgPYQawB9HwO13ngEAAA==
45,c86495659a3f4201aabf4ef2d148176b,e1ce9ccf0f4f481c88e16543429afc34,bfead1b55553484db24f8b61827e4baf,2aa38f05d46a4c5caf41aac9834eac50,1694685275224,29230000,True,H4sIAAAAAAAAAM1Uy27bRhQd2UktCWiNZtWimwlhtyliynxL9E6xaIuGSDuybFkuCmNIDkVKQ0olh46Yovtu+gnZFdC236Av6DfkQ4peOkbQLlp0WUCgOHfOOTz38HKaCDVQLW4ihGpbaCsOar/U0NPjRZHyWhNtczLdRo1+HNATRqY5oP5ooublvGDs/E1KszrasgO0p7X9jkc0Q+woxBdVXzJFT5dlUdclpWNI1JNkBXgX2WJJMx7TvIHqnK54kdH84dF19PSasIKi32h5Jt3eRFJwc8b80jZgPbqU2Lk9W7bt9Lr0jm3DTmC/3zUGpfkXrM7JWGcT9Sy6TV8XXnItDdQho/2h7CdX97enJ7H71tcnydlsojia22PJeW9aum/d+XnvtXQ7imaT0VniKJbiKtbKnc31iWKXzuh25pxaK2dsS27PKd3EZU7izpxZNw5vZBPcN9FOEOdLRsoGejJYZLQOxa/QZ5t15yTOozid4gvKofZss273KWE8OsKbNXkpdySoNjZrw06nNOdoHwDw6zKGlwseL9IcR4AHsP9SUfT3736F3RZwdoDzqmBz9PUHximJ00pSaplwff/uZ9yjIU1zCsU2ZI7wA85XpJaEHbKqFEENf3DzKPopiHYzP4oTGtAcvfibtA9u9/+RCsaNPmUBtjlNqubM3huShXhUZJxRfBlRlkAEAsAdMqc55hHFS8q/yfGimiMcJ0mRUswXlYv2PF34c4/480r7C+johXkoS99WMeJjkgYlvsppAHvPAQxTNYU5As0FHtB7yrApVxZoR2pp++j3zVrZrNlmneD/11/479tZ1UJbVw+0ttkyIN9DWJuqMYe29x5eDR3G04iLPov9edU8CQLINc6rYKskPwdIuSiyh3VC0+I5UHdBCZ4xsE4tt9cdTuroiUsSir4Eye8G9xCe9D2upgu+RjyOCKMw37vWimeky3kWewWneR3tgKadhota80eBl0sqHAmvBlfW3bjfHVjCgUB8Ht9DNSQspwcCXS2FI7mlaKrZlkxDk3XZMEzZah8IcBxkwP5oCMgRnDeV+Ec6jE9QTRbgeuPu8ORudDUcDay7y741cKwRUPxqKqqhEI7MA6EoYrgRVFmnsu+3Rd2UZFEztVAkXqiInqET4pOOFBAC3CKNfyioXTFIqGka8RQxCGRV1DziwZFGFVH3iSeHYSiHSvBo8CH84yr7R5s/1avzE21fWCMItbKA9v6LgzpqcPjkck6SJdqFQVcPFRWrR7KOLxyEttAnPZKQKUXbCP0JF3K2cq8FAAA=
46,0a7e90e4f0284048a3320d129b9d317d,1461f100ae064b72ad8c5b5badf836cd,d6eb83b9d9964f2989a36636a92ddfd4,32dc17760a964d57a72c93d745b50ea6,1694685276004,7600000,True,H4sIAAAAAAAAAGWR3W4SQRTHz9LW7m40xHjphcePxKul0EEovVsWSomICdU0XsHszgCT7gfOztryDD4I78G1D2Gij2GMZ6nc6CRzMWf+H7/JuAAOWMoFAKsCFSWszxYcBVmRGsuFA8MXDhzKNFpCuQ7AuVRCXsR8kdPxtwvHQuWrmK9JNcq0tGn6kHZtu2n5oYqVWZ/jQPNUoK+jpTIyMojbjdxu4slwcPkBg9EweAsvtpv2RC2WxgtiFd2gWUqc80hiNkeOYZxFN0C2tslQ3hlJcTyOMcrSlAKl+KtwSFG68tq/CN1CxcZTKV6ZTPOF3DOM+hd7hOdkfr+Sab4rvy2R83txDbtlfA5PSXKrqDiUSI+OqHiuswTXWaF3fpV+kSmZ1pjp/2MIqkpQu9pBf9zzJ59sOBzzRMJjmpeMQurXOV6TC1yo9u+M5r4xWoWFkfkxPAn3mmmZPBXccEp9+eyrDffrRzj7LmbffoazWT3CKsCvI+wEdGGXnwuPuh+Ho15/cjW99sc9ai8Kmr5qtIRoSsY83uFtr3nWbHmcNYTHovpZp/5m3mSsbYNjVCJzw5MVVFsnjdOTU4bsnDH03wFU4EGPJ/TMkuIPc1z0OVYCAAA=
47,0ceaf8585e5a487c8194e204cfd58269,d6466df78c224643acf1796cefd14124,6ed710c553304ae1bb13052c79bd36c3,1249a69ceec945029cc2e634cc693ce8,1694685276062,50000,True,H4sIAAAAAAAAAD2Qz07CQBDGp4DaVhNiwsGTWRONB6wUWqBwIxTjQUoiEo9m213qxv4h223UJ+I9eDDjFIPJZDPz+2bmy44JYIAmTADQalATTGtpcDTNy0xpJtQVjTU4XWWh5PSDhgnX6mA8CsYfEhoXOPRjwgkTxSah3wY0nnLJdaQ6nO+2Q5+mNOZjsttGbaeP+LKCnCYFItru2vYNJkO2byMqh1usMGYZ4zLlGaZ35FATX9I4z4oKwgW+NGP/YioUr5R7NCH7Jd7LuygI4pRENCMhJ5KvcxlzdgUtdN9tk1UwXczni4AsXxfPvg6NgKYczlDEnWT5mUsGJjRnX0rSiVJShCW66NWRwJgF/tthriyRXIchG/VDh1uDrj203J5rW54d9qzIi5hLnbU3cD0dDCVSXiiabqA56nTdTs8h/XFvQCZzgBoc/90MvwG/etEWyZoBAAA=
48,ced5e2e37aeb488c8b1fafdea5db5098,43ef0449e1b94c0ebecaa357fc72362a,8b11fcaad2c0488d869b310c7b8f45b1,feb90fc525cc4ea2b43b6b813d3b4ccd,1694685276531,13900000,True,H4sIAAAAAAAAAHWVzZLaRhDHZxevzeKk7PI1qcrEcaq8wWBJfMopH7QIg9ZIeEHAwoUapEEM6INIowX2HXL3IYfcXJXH8KP4QVJpCXZtJ5XDrmZ6ft3z754eJofQKTpiOYTQ0TE6ZvbR70fopBHEPj/KoQwnzim6R31rkRDHxyjjXrsok5LoBB3me090H2XQaZvZ9I1LnAj4v3Mo11/Frtvd+DTMomPNRs/qZF6hZZsWqvVKtVCyZFog83K1UKVyvW7LglSey+D3LgzWNOSMRqcoy+mWxyGNUplZdDIkbkyP3tNN4GiNC4GMRNcq9RazK4VpauDo5nijm5clQ72sGOqg1G1s3moNhVnti+uJ50aTgbvSmFIF34Xujcv6zaXYNYfLrroSxqZWGo96K/1GEbqmtTU8Y9E1m5vxTosaTHE0/3w3kybrWWvYHcO+hzhs0B7GY8lhHSXVdENGdjy+6omWN+xPrt6I5OrCnTQ0p8vOBcsfugdOmFwtBBvWrF26Vkv3AK0DgV+Y7CtbwkO8TZqj5oFfW6l2dvIXMSqcjCruuHSxmPiX8cwbCp1Sz6XtRMfg2jAtyfCam4mqbeFP0kd62bhxSsbSWI5NZ2cse8uJerGaqOdMN213LE0W4xtd0JeXW33UY7pqlbvqJP1OzMlyvFS2+k57m2prC/A9lxu+8BpOKYce2Cxau2QH/dMJQpoF43foh48fai1KQty3wPYKf/xgl+syfOrPxapYO0O/ANDnIfUdvkiWrXxFLFZgID/PlypnKZkXa7Vi5QwVgG2EjOPGgvgW3eNi5ec9DYMDLklFGKPiLa4SjzgHvCQccBjcRheqKf8S+DYl7l4IyYtyIpQ+z5eFs71P7eBRrYvF6hkSwUGlc+pHdO9Rr6TSwUX6t4ski0XxDL0AF83n1HWZQw85kLx0SFi6TbheL9Yg4ad3inCPAn/QJeyhUiUpCkJV8FV+iwlW5nPmM77DGlheJCFbYbAB5+HtHC4ZpxZngY+H6DUYenQZX1OfcPoZ6tFozUKSUpp2FwtOKfAdrBOfJGbY+EeQ151xwnxq43kYeHjFIDGAoNJ9YhMfPYMRUMxPTOaC4gbhxAq8WQSGmhvwCAfzNE/OPBoVcSskPk8WibRNkIiThPFRMvlPjDduEIR4CBprRRD0NGXqBrVADLTIDm9IhIm7IbsIR6l+9BMAIGfBIjwnHnN3RdxPliFuAAeCZ5TwpG3rBI8YX9AQA02wHVO3iDtsRSPMA5QFYBYSJ9n1cVJ/32LU5/g88OMo1fE5kbyYlO/T+z/xF92Y5CMDBr95SWm+Lgu9hs0g8vdp9dz+u2ZDUzpYHRitZtfA7WZHb5pZdM8gHkW/AnS7fStwberjtPYYOseGcNVPf/z1f//h2j5qbnlIFM5DNos5jTLo8SLg03UAhQ+mVvIwJNc7i7JeYLM5oyF6QPbbZdATO/YdGvhTxqk3TXUDfJJFp0HIHOabxEEPBsZbozsysumb8ajV7ajTvqIqxrTdVNQc+iZ5baBWHkSE3R/uz2kK50cgViaDcuFdkybBwbC+a+O94b6T9vl+8jD83L/7AN8SuB1TcrgdyZOCoHhxDHKe2eKsUrJrckGWpHmhPLfm8DrZ5YJcscq0XKO1uiRBOml3cuKt0SP5pVh7KYlYfCXU8DsdXkl0/3CmGYT+ATK+dmJgBwAA
49,a49bcb58801b422298d1539b7eccfaf2,cef1b8cfc3474fe7b80bd25232ec2ae4,cef1b8cfc3474fe7b80bd25232ec2ae4,97b6ba97ba944a0e8d1cfa82309782f8,1694685276686,270000,True,H4sIAAAAAAAAAFVTy46jRhQtd88kthcTKckiyiY1yWydAWPG7UhZYPzCbcAP/IBNq6BqoNpV4PBoG/9D/iD7/o/+sCgFGakTCamke8/r3qLaALRAg7YBAI0bcENx488GeKsnRZw32uA2R+EtaM0oJhOGwkyg/m6D9uZYMGafY5I2wY2BwQdFktFnv692pD7GHaUfkM6gh+ROP1CDnoT8rip3BW+ZJieS5pRkLdDMySUvUpLV1k3wdodYQRp/kXMSGvpcQnuZBco68g8aNUZJaDpuaTrHnjUaq5azPVv6+d7QNRrM5k8eZ5m3ZUeDap8M3ZDM/erq7uePJl8p1ugomaPho+1oqjldydbIlLyRdrVH5sWlRqZTLTTiYel3vZM/3dmu8P1XZ255exyh7uXJ7/boQqtzXdEeF+5hLQd8t/EOExkd5szTjdCmQymId+wLTvIOkYRFLyjrXr/2EXm3Uj536P9qFV7ones5DS54M+3Tohz8R0PN0V5lrjKPvHhV+HwnLZQ1I7Mqx/bJnnrce1xdPGcSedyUbQdT01lz64qpPd1K1nRbus74ak3Xkcu3F+txEpnOtrT45Og54dkTu7WdITf5mptX8+JNzYu5Me7rbDNJnMOBHku/i5tqg68xzU4MlS3wZpGkpCmK78C3L893ehJnBScYJjEsMiLqv7w898W3JDnMjjTOYBChOCQwjwhkSXKEKMbgvUCckPgrAiY6KaIMJp9hmRQpPAmiX+S1ThKzUiiTWgkGKIY+gSjI6ZM4cohAU4Byysn7V2MnotkrvlaoSKcTowSD7ytCAscxJikXfeGW/SrIP9dksqZhlMOA0eBYTVQHEvNxkQGDHwWgSif4lVwpRvpiVdl/9/Ksvjyz8dLQoW5vzLFj6E3wxkKcgJ9Eb5dQDMW6/ihImqSvCTaCLzb8zfgi9qDleUrF9CRrVu8S/LAcOw+be8N6GIs3sDY162Gz0NzxWigXhQB86MskuCM9tePLd6TTu5MGnYFM5I7U7RLFVwjGXaUJWtWSshzxE3inflQ+dhWo/KYM4NIE4AZ8NUIchQTcAvAPEIBf2BsEAAA=
50,f563ab2947ed4de486c7b622acfaa81b,b1cd570edc734fa48e4ca62bb36f45f0,b1cd570edc734fa48e4ca62bb36f45f0,e3c0ccef3fda4dd1a1fde96b8afa82fa,1694685276946,2500000,True,H4sIAAAAAAAAANVUXY7iRhBuZnazwENGiTaJFClSh8xoHjLsGAMGRsoDO/wMCMMEmB+I8tC4C7uhbSO7TTBRHnKA3CB5DRfICVBOsgeJUmYmq71CJEvV9XXV91WVS50lJENSIksISR2RI8FTv6XIy2s/8lQqS44Vs49J5kZwaElmhxj1T5ZkR8tIysFPHgRpctTh5LSqz61KbVbLzznwfNHSyvlZlVt5TYOyoVe1YtXQMe828FcQKAFhhqQVbFQUQHiQTpOX90xGQP6CuKtNHx2NP3alFXcM9McjTQ46i1Wl493Hs+uO0XHx/qZu9OLaB7FlxR7KclLsOlPv+2jm3mu94lDCzbBguXfryXipTR7uNHPbF+a2vplsuTtZ8EV/4SwmblM3F/fCbHeX5naKtrPpN5plsz2Jzfbdtt9uFidbR07Hb5eDh6E0G9Nlf9wXg1G3Nn/UvsMOsuQVF+FKsjhDXvT8ANIIfkk+3u+qLRE6wrPpLSjEXu93lZEKwLOVc0X3O+tb7U2ZfI6oyWxh0ZbweIIzxAvkM8RbEPiWUPF/qFZGGiQ23krf53RkgafIOQbi1wAmabSiyn+m1s+Sw7s/fqUN5jIbSA5dDJyxEDj1PaocoOCBG5+H1BVhiJWSLAY4yKScNyj1KUo1PYd5FiRqTEJIzp7kOp4VADKFB5pQMRVSf57UOXJYsCSHU5JB64HrBzQRjhMwKQydhP4TpG8B8GRELZzLNibfPLEPPLoUUlKbCS/pAgf1QSPnT40wj+Pd/N3vf9LRCmkSjflBipXDZ4mv0OLu2bhtYTKaHqxBUj0ZKGhn5G/M3+/kfufS/48JDsXj7C7RGoaGbZ4exgZDYTsqb0lhLZNmGef4d0RIV6DQT+YNsR8FB98FL/oaU0+QCKl7zXaz36gPJ2nyos9cIF8g5Q+9taSFH1HPMMFm0ue+h/t+0tyogNWVCsQsUhCmyStk7Hhzn6x/zql4BbmrnNls13uDxqCfu8gxS4k1gnMmQ7jIwWaVu8JtvsjhgxBg7HtxjHXwxUmo3kdb+J/jO9xZzHm6PrR5nXT5HPRLOnm/yPFtc4zlRxGeT3mlVqryopXXdd3Il4yKnp+VtFJ+VmDFWsGoaqWClSYZJVzA7XVX5KR2aVzqRVrQrwpVWjcJOSIfPW/cMSH/AjB+h8YvBQAA
51,ba9e906cb5a7429ea2833527baa4c458,292978a8e8eb4e96a2adcfcba1a4ad00,2293de7df9cb4782bc35d29583276c27,68d2c08ec29c43adaa6b8b84a6f07224,1694685277262,31400000,True,H4sIAAAAAAAAAI1Vy27bRhQd20kjC2iDoijaRZEyStKNLWcoWpLpHSPSMlWRsvUmiyIYkkNpbD4EcihLKrrpqpvuu2i39bq/4A/oql8Q9DuKXkqKkWRVQISIe88998w5FFVEaB/tsCJCaGcX7TJv55cd9LARZxHfKaI9TiZ7aP+cefQsIJMUUP8WUbF3nQVB5yaiSQHt6h567uGqJ1fqtOzXTmplqSLRsuxWxDKRZQ9T7LoVl8DcRRLPaMIZTfdRgdMFzxKarlcX0MMhCTK68w+9iSd6o4XJSAxcqTt1xgrT1Xhi9K2loWoLs69XTVUTTXbzrd5QmHvemtthkNqD4FpnSk1v6NgcWZLVbwXmlSZ1VA1bV62rjqrcdFSjaoTd0KzoK8Bgm+lpgykTPXq1dCr2zGkOOxbs3fC0/F40XHlad94bX7K2sta1IiMvs8Zd0Q2HPXt8JpJxK7Ab+qTDXmE3GgZbHLbHU+xBz12ue/X1HtA7wLzVZ+/Vcjzw3azPqYcwd67U2kv5HY4qJ6NqYEmtqR1dZk44xG2pG9DzXMdgbvUVyWxqkhVeVs2VHdp9e2qF4NWVjsG3hbm6XlnhQDRV79rsd8ELQ7QqFjau9KWpmtOOOlgA/qYzulzYfUs01IFoLLfebPRxe9yd2s0zbPU+1A5XKM7t5jDd+rZymgHXJ/G2/0reYDff/uVMhsSL6JHH0llAlvvoQTtOaAGKT9And7cnZyydsmgiXFAOta/vbus9SoRGQkn+vAiNKYlceirc3boHYvUFQD67u62dU5JwIfYFPqUC4NFTmINPMyERTwEsHYh//Sm8y5RDpA0b9Os8FpZxlggzygU/TgRK3Cl6sWapvsdu5D8OwqJ8KKBzGhyBhs9Bg7bIn26hQeZUyA9Bk7cq+jDmb4+Vzij1hIR6mctZHKGvoO8ncSg4NG9nkUeTSQI7PIGl6y7hnEYZ4TDmLGErETHOheV7v4C9Tebfi1PCMI4Yp+jZZrMGpxAMFuXUBCjfmrsWjr4BxOStQ84BPqq++fWne0wvVwqIw+0x/IPKm9/+2JTzw+d8oAaqv/+cJ0dU6tMopVtpz9axBJ6gcxrmedVGBEzxytlM6MXZnEYsQU/ez6j6YUYf32e0ZX0MQu9uA0MZC21tqLWh9HytjnbZZMrLbsDcawHCJJ4HjrB0HSiP0acAuQ84BEOfbthqwNbWmpqpKl2rgB6YJKToS6D8rj0PBLD6+1z6va9F9Fhb8IQonCfMyThNC+gRUOqRH6O/fyjx5YyWTkuKYXRMva+VDksEcp5DzSdBSg9LdDErnVaOqjKWxBNcOzmW8THGVa1+WII3YwKz92pgeAqv3pz6fnwKjuaGAm6k9M419fXg4nWvMxhqpt6FARdSWQ5S6pVO8WEpyxjclOoyoeJx1S/jk1q1fOxgr+w4fr0sOY5zTHwZe1jeLlu72MhN3K78sZD/LaC9C60P7uSE6Pn/4Sugfc5CmnISztBj+aVYeVmRhNppRRYUA6Fd9JFKQjKhaA+h/wBqeaZMhgYAAA==
52,af79f0bbc8ae4427b16e7c9dc55845be,25a86aba8b284f20b06cee06c42aff91,dba3baaaa30444b1abb8482b4c25209d,3a6fdd026dee41debd47c240b0f2f538,1694685277681,190000,True,H4sIAAAAAAAAAE1Sy27aQBS9kKQxSFUqddPlSE2lqqobmzE4rtSFCxSMsF0CgdibaLAHGDJjkD1OAv/Q78gP9AvyYVWHZtPV1bnnnPvSrQPUoMLqAFCpQpWllV8VOGlvykxW6nAkyfIIan2W0h+cLAul+lOH+viu5Dx8yGiuQdVL4dxMbDzHzUSnSYp1vLAdndgO0ZPWJbUbl5Y5b7aU72e+2dJcMlrUQJP0UZY5Lf611uBkSnhJ4TfdDYz4ZmWkNwOe7LyWwpOxwUNvvbW9bLqbt72WJxTfd1vDnfOftinJrMkjPFjF2aici6kxxFec9q/MRFzfR3sXh71oH689I1p3cbD+LsLZyIhmA+Z3lqY/mzLFN6J9eheLWIQqF0ySh7B33fA7o2bc6Zpxz3/w167hi8Eq7Iz2ARs4ixvjm9qgDqcpK7ac7GpwPNzkVFPJU3j//GSrre/VAQvEhCgzJneILAnLColSIsiSwlslWuQbgZ6fkiG5Jwp+Ue5PKs5WjFPEMiRX9EC3cyaKTYa8glNFf0bLnGSygI8KECUgDeODCvZLZZTTtEwkU4ZDP0rSQ913Svb8xK+Dduj7YYDcdrs7HodXkQbHAREU3ijBYQ40IZwVgmRqu7Puo8yJK2XO5qWkhXb4FXg9dKfu7cQdemPfDZS/LFX23Jpb1CSOeoeGc6lbNsa6s7AMHduJ5TiObVsp1qAmmaCFJGILZ86FaV00MGp+tTByfYAqvOq8XOcI4C+vAmonpQIAAA==
53,bed9c7c16bd64a6ea847d54beeafb5d1,0975a37a525240979aaea48e47644fbc,2cc7080fcc20418a897570d3453dae13,da3c613a98a9480ca21ec8eb61286733,1694685278268,62000000,True,H4sIAAAAAAAAAM1U3W7jRBSetF02DUIF8XPFhddqAWnjNP6NHWkvQptsHeK0m6btJgitxvZJ4sZjB3vcNkVc8AA8Atd9AZ6gj8Aj8CCIM24X2BvEJZJlzzk+53zf+ebM1AjZJpWoRgipbJCNKKz8XCFPDtIi4ZUa2eR0vkm2j6IQejGd5xj1R43UTpdFHB9fJ5BVyYYbkt0W6BAahqnopngFLUtxHN1X7JnmaEDNlhVYmHeSpSvIeAT5NqlyuOFFBnkJXSVPzmlcAPkV1v3m9PWiGb7ux8HatdAenzbjY/dy1XKT87V/4Fouw/9HHWuwdv4Ra3J6YcYTvb+YJq8Kn503B/oohqORGrCzK+92waaXr3RP6y+H4340fDmKPOZdD9nkZnLhGUNtGntjTxtq/cvpOFCHtyOG/lvv9ms2Zb3L4e1SHV666+OLieGxczZh3Rs3UZ3ZqxcvsIMaeRpG+Sqm622yNUgzqKJTIjv3d3Yvzeg8SubSCXB0fnh/1zpdAYRt6f6OPtcM8rHw8AySOV8IZ/DcsMkn6OxBlgYRXz9EGg0b07GidZJFjMYSFg6AfIWB+HTCMC9zVaehicXvv/wkHVJG54BWiyYh+aKMfDfiLa6I4am0TouMvI/ra6CrNMkbj4i9KMu5dIJjgYifPSA++LBAtAQ062QX3+MsWsWg/O2VEBmLh/d38UHK/FSwEIbglAlq1LH2BDpD0SSYzSDg0RUI4E8R+BshXDqT+AKkfpHMYyDPHuAPASUo2zGMvXcbJp+jKQDmNEqQI0v9HCtQLi3oFZQ7QDmnwRJC0bHA2kOsI4hDyeXAhN7O4TXNZtK4yHgM0ukCYobbJ2OqR5eQl4RWwL/MpVQcBClirEhA4in5AGOWSRosfUQQtQVhHP05DjvmpdIAriCWnJaAAVtrmHvkt/s7rRSFSf+vz+zff2eiBbWu6WbdsOyGgyruC0/D8LDx3XKnYBTNF1wJ4ihYivZpGKJ6US7kE3p9hCFi7kqbQVI8exw6RBl0X3aHh53RpEq2hpRBeVa+HVyhfNZ3iG0NojTBw7fTveEZ7XAcO7/gkFfJU6zmJrO0svWDzNcrkNvywD0eynWZlgMmt2c0zqEuw81KbqsNxzZU27FtW7Vso6UZ3VZdxpsqE3lvSWDyAq9CUfavdByMUMwMxh1edEa9N+Oz0XjQfXN61B143TGmBHgC1mc5hHK7WZeLIsKFHIRWoIKlKX4wUxVjplLFNhxD0W3TtyxLC6hhYW6RRN8X4IqM0DGpEfigqH7TVwxL1xXaUlVF9+2mSa0wCLXgkWAp+IHQ+5Hmj1VxtZPNk+4YhRQUyO5/YVAl2zxikHPKVmTH2VeNfU2X9LZpSh3c4A3y3uOB2yTkT7tGyLdKBgAA
54,b651f4e6805e40598c8c7b817345d28e,93cfeaa2aee242c1ba83c7d7881491f0,3f0a585a6ac84d8ebfaf7ddad29b7ba6,3ccea85e68384d65a1f392f814b2e3ce,1694685278889,63000000,True,H4sIAAAAAAAAAHVVW2/jRBQ+adJuki7swiIkJC4DoighvTl3V4AU0rQJ222rJG21QitrYk/jUWyPZY/bzSMv/AIkpAqeK/Ez+lP6QxBnbKfJC3mwfc75zjkz5/KlCFCADC8CQGYN1riV+SQD610ReTJThKyk0wLkmGfaoH4Z2LzwJgGjMzpxWCYLhT632JFDpyFa/y3CM4uHvkPn6HQiApZH7RdAHu5bx4wGZGSi7gBFS9tvavhul6p1XS9DCRGH1KXT2GpWas0avlmpUq2WY1hFr+u7jWoZfkLkSAbMm0o7xeqtVaxeqmh6/GWVKq3UW9veb+u7zWYZttC/G3BJVtNpWnMrAda0+m5zqwyfqzQ+Y5YC0Eq9nsZBc70MX6o8v2KGx79/w693yohi+/HuD3y+w0s30Phw7yTPrnAnglwicls5qvTcpM6KJprw0CWX8CMKPc9iWCosIr6eIL33Pgs4NoKRwWCw0B7xgJFO6DNTohp+SFShJFgiPkPok/8xp54kr7njrEYduD51uDdVMWEPFSdM2qiR8yXmRAiZQp5UkTnD0zbx8zwQITMjyZYOI5PeYH8wz4rLyKaB77EwRL+Gkue+LbxVxNiO1M0nwpHLWJfU9XmQFOcDJTNPuCJSUQA+VR3483fSx9mSIRlGXlwctHz/cN/sTLi6yAHB1Ja4JUdRMCdqUrAjw8Fxf0y6J4Pua/gaWz2kPrecOZHMYb5QweYiIlKQyMcnfIWQh/tJQw0y85jLWUhuubS5p+JpVfgmDtuaOMKchdskSEvGqGkTcU2kzdx4C6hnEeo44lZZ0xQ2DqMC7MIrHJ6uEA6e1ovnTmuotfoI732F2VjALPKz8KIQvlMbFWBHw3g81SqZOItksRkqF84LfBYf3OxSSU0cQoVuOeyGObsYV1/M6Iw+3AdkdWLfvB33B11yeHF63Ds7JaOrs+EhWcLzkDulLoMD1YC7O/J0utVSYwse//rn/55QhBe99zKgHYmjOsEBCrPwIqC4G3Mj8qcBtZi6PHLMS1tIwxeSSmGYiphQvVmE9QD7jU4b/V5nOB6hMotBc1PmhnnI/9IZnfeGxj7kjganvQJ8GHmqOcwyQkfIMB+T2RKFHq6w+DXHouVv0+tk4WMrwkEWnsElc424cui4noeCCPiUe2M6hc1Rv3N4dmUcXQzf5hWDwqvRuDMc9g6NFUsRnisWxZa5DNuWhTxPd08dPAs5B3dKxc7iUR3JXSqZoXomEmXeTFkjETflclsSzTMnGbok3EYY71cibKqxnnGsFk9LWggXO5og8GwYDEujSCfNcI3cYtCYW1CzhsVlTxyUeBVuFtuZuDyfKpIxZjHJpKprRUdGGNMRqnJ4k5t0hxNEIVwwQyJvmDEZpkZnwUepfD48G/W6F+OekrFruSjCgn9LNZ1OdLOx09D22zt1q1bf0WustWO165ZO69dVptewaVhWFko8NLys7mntvWqVaNWDaoN03uANYSP5T1B/dP8Bq97ELxcHAAA=
55,6682b08e3a564f50afdc0a944ba5fe61,e627b6a7238c4774acd4627b6fc846f9,53a4767220e54d7a99008beea80410f2,8c69e16098f04641bfe70eca69cdc421,1694685279036,99000,True,H4sIAAAAAAAAAGVSy26bQBQd59HaVqV0070X2dLAgF+VuiDGNjhm3GKMDZtqgDEeAjbiEQf+od+R/8i39DuqDk7UqKo00kjnnLnnzL23DUALNGgbANA4A2fUb/xsgMvRodjnjTY4z3FwDloq9ckkwkHGVL/boL28L6JocdyTtAnONB9c+0SU+n5f4AaEH3KiSDxusBUgBzHp8uKW73lDj737lh4SkuaUZC3QzMljXqQkO1k3waWFo4I0fpHjIdBGMx6vhcgTjZ27kammHALdtLu6KUNU2eXC1MTF8ninjWTqqbMHJ44yZxXda1TuaSONR7EtIohCFH+HerjiUTiu7NCDDC8dxYh1RYd65ewQ1bIRlQNtf1u60EncqbWwme9LnRnCG1RZcJg5f3UocWB356tW6VizyNtYiRdbL76qUfrr1avOiIhqCIyrXriszlr/y1zy0eJfrNZbpTvSggWVKVYN3lMOD3PxrcY8FhI3tkIvnsT+qFs4m+8P/tSSTjmWg0c0ndw76/HRUYJSD+3KUbRKr3QJKX5kVzq/qHHTCG1TE/RQh4jxdhhAZPqU3aVjypKznoV6ZVBH8Y61XqPHt3yxEPnMw94Yu/+ysxm46yHzP57mxHqU4TVPT32oeZW/e7tvh6M9/5VNvA3e+zRLIly2wMX8kJImAy/A9fNTn50J2z+/Q/edfEc6PiEJyfIO05I06xy24BOT1Mys2AcR6ZgkTiLymRW4en7qPT9F8/F0jBTZsJvgAuGYnPBXsUpwmjP7q/FjnmI5z1PqFjnJmvXygw+zFZrOxz/UsWyY7HVR0Hq94bDfk1zMCby75STf7XMDtw85SRSlHia4CwcsfyunMcuJ4wR8HNxA4QbCjsB/gcOOrANwBt4pOMYBAecA/AHsXmmmdgMAAA==
56,6e2e9ef7e1bc4862ba3f7e66b406f693,41ebed48f56c46aeaa6b1b2e6c9eefa4,fc0efc3e6f264986b158b4b2a01102f1,03cd36683dcf4578bd92d277ba92a0ca,1694685279169,499000,True,H4sIAAAAAAAAANVUy27bRhS9spNGEtomRdrumrKEvYoVkyKph4EsHNmyKOhly7ItFVmMhkNx5CEpDIeK6aCf0C/oB+gH+gVCv6vopZo+lt0WEHBf556r+xiWAUpQ4GUAKOzBHvcKPxfgaStOI1Uow74ii30odbjH2oIsEkT9Xoby+D4VYvghYrIIe64HBw2jSsxanVbonHoVi5h+Zc5Qc+YmqTrEpr7pYN5IxismFWdJCYqKPahUsmRXughPb4hIGfzKsq4xuwsM764raObW0L4eG2LoLld1N7rJ5i235oYY75zWelnzX1hHkVtHTK1uMIsu03l4Y/SsK8E6VyYNJ+vp0lsOL7pitpzx2a1rDaqTbHjbDodn02xQvVnOLvqPw4tLexC2g344E9NrbzmtXj4MloP76SN9nD6efpgtRdhfTmyUQf/60hxk3aZ/Z7zFDsrwzOPJSpCsBE96sWRFdH4LX2w3jVYczonSRkyh6+vtpj5WkkULFZxo2w19bbyxAZX6uzhKE+1UKULvtfGKMe+vuOkcwjeIaDMZU66y3E/QbzhI+Pl2UxtTskZGJuF7hOHvgvBIe40oTM65acyjRMPZwwu0wjhKFJPaPRfiDVKUkKLNIw/Dr/7MdyMqGUlYoqmAaTQgEWWaH0vQ/0nHWKx5uNEcw6VGZBhLbZ7BlzuOvPQhanmB71Di7he47V1Wj62Z0Kp5H8w4hN+2G3+7EdtNqP1/hNz9eZzcMUrbNrDNg13j7IovAlWhguMesVnieTghno9foQ1fISSLU7mzQxalP+Tns904SH0+cltFeDIgIYOXyPZjby008z2Wcjr4JD08s+fnD0oSPBPJ56liSRGeIZEb+TH88lFX2YrpJ3pnOBmc6Uc6oYqv0eETkbAjnT2s9BO8myMd36BEXF4PYQG+75zhbyAlkZdNEuYh/EhPU46K7js+teuOXWmyOqnYXrNRaTQsv2I1bebYvkOsZvUT2W4ErXwCnyh/KubfFtgfnV9jfzkhHPwXviKUFA9Zoki4gue146pzXLU068S0tFEfYA8+OyMhWTDYB/gDe19lTssEAAA=
58,1fdf2503a2cd4a6d8841623a8c7b43e0,ea92e7bc1292492aa4d7b30869d0564e,82fb27d07f1743bbb8b4df1844ffa63e,32dc17760a964d57a72c93d745b50ea6,1694685279903,7700000,True,H4sIAAAAAAAAAGWRzW7TQBDHx2mB2AJFnHsZEFJPTu20aeXenI+mESGtUlDFCa3X42RV2xvWa9o8Ud4jD4YYh/YCK+1hR/+P32o8ABcc5QGA04KWSp2fDrwa6rq0jgcHVixdOKRSrqA5B+Beq5SucrGs+Pnbgzepqta52LBqpg21efqWb3e3PY8TlSu7ucSJEWWKsZErZUlaxN2Wdtt8MZ1cf8XhbDr8DB9324uFWq6sP8yVfEC7IsyEJNQZCkxyLR+AbRdWIz1Z4jiR5yh1WXIgpc8KlxWNq+r+izCoVW59VeKd1UYs6YVhNr56QfjA5ps1ldW+/LFBrv6Kuzho4is4Ysmj4uKEkD8tuTgzusCNrs3er8pfVLJpg9r8H8NQHYba107G81G8+N6Gw7koCN7zvGFMyRxXeM8u8KAzfrJGxNYaldSWqnazH3g3+DadjcaLux/38XzEAXXN0089EUQJhT1fhqH0z7J+5kdR0PdDKaJzSoOsnwZtcK0qqLKiWEMnOglPT3qnGF0GZ3j7BaAFr0eiYNJm1X8AgKi4FhkCAAA=
59,323f40dcc5504e4da5fe8494d23eb045,97c54141047b4f3480b3d5ec7d0effa9,92a6d500c92147a698c043ff0e74b1a6,7844d2bf0dc641e9a52c474833f6b044,1694685279906,15600000,True,H4sIAAAAAAAAAF1Ty5LaRhRtZuxEUJWaqiyySRaK44VdDh69ADE7BoQkTAvDCA3SxtWSWqJBD6zHAPqH7F35gfmP+ZR8SCotGOe1aunc87j3ttQCoAkapAUAaFyAC+I3fmuAl8O0TIpGC1wWKLwETY34eByhMKesP1ugdbcto2i2T3DGgAvdB69lhMSeJwvtQJZ7bZELUBv5Mm5LfNDtu5IXSF2P6j5m6Q5nBcF5EzAFPhRlhvNTNANeWigqceN3vE9DfTjh0D0feeJi7a4GRB+lITRtAVYeD6tQhCP9AMn+gz4cEE+bPDhxlDvLaKuTQVcf6kd4v6yMjb81Kp23BZtzTIPYG12YmZONoSoVHN2uDXUR2UTPh2QQ6snt0RWcnataM5vmnn0mmrOKKmc1MebHrzxj5widta9ZR8eaRN7K2nmxdc7VFkf/fvnMW0RYW/C0Vp1red1rPZd5x0Wz/2I13zq6Qz2ckQFB2oLzRunDVPzHYxrzOze2Nl48jv1hp3RW8wdftaRTH3cyD0eh4KgL4phbAap2Bau5BFVjDTd6x1EV0RgNjrDaHux7nYOmv4XVJLJjuifTo7ucV1C11sZG2Tvqkp+NBgcnXlZ6mJ56C+b01LgPwZzeUwt865N8F6FjE7yYphlmKPgd+P7psadhFBXrG/bpEb3jRe6EjXCAkxyfQYkDVxS722Hsn5EOeEWBMcpikoTsOM2KMnkmizI9+m/eyW9pwE9Pj12T4Az77G2alPkNO8YoL9g34rX0FvxMPYZp7JIE52yxxuy/qRRKA0C9enuMsjqGuovsjmCPliicBrXmZAJxlCbsIIvT7Fd2SD9Vgr++ocQHv9TNfy5Rvj6j72u5mqGkqI26He6PL1/AD/TpfwNR1ns6RF15eoymiqrQ61jYrKZMoWIy4IWBYgx+pOXbMi+ikxJnMU6KlNVwFOOCrv1KORQZGhRFRtyywDkDmDj1SUBHBYz7rGPq/xdcjZUFVAxz9unvhLKk+GupL/vdfrfTRpIctCUkcG3X63TbAs9ht99z+Z4gMKBZkBjnBYp34Eq45qVrQWQ7N1KP/QgBuADfjFCMQgwuAfgLZoVynjsEAAA=
60,950aa81ca6f24184b8d92f79d849574f,2132d6c26814480daedac486a4d0779c,deb957a8acc14071b3678ba5f0cf19a0,0ca3265c7b4f43ee91cd0f62ae34cf3b,1694685280346,3200000,True,H4sIAAAAAAAAAEWQzU7CQBSFbwG1bUyaGJcuxoSdqRSKQNwhP9LEAgFck6GdlknaadNOo7yEexP3fY8+ig9ivCyU1UzOufc7OVcH0EDhOgAoNahxX/lU4GyUFEIqOtQlDeugzbjPphENc5z60eHC53ka0YMGjZckYyqqKhhVuXOpoGSZJBFxHGhWZf85o0LmBK27rvX99UEcIVkU8ZAJj6F/j6s3+I6SeMcFI29c7gmXLM4JF0TuGdyii+tDKTO+KyQj0yLniUBkP2aiIDKBa/zTNI0OhP5N5UfwZVUGVRmNFq67mKvQmNOYwRWKJ9h6TzMfdDAm7zKj/3qug35i4QFiLLZNsRhia1gW7wTGcLNZOU+vm8l2PRuuxphQFKg3O57/QC2fme2OZZvdoNczBzYNzIHn2bZleUG33VNBkzxmuaRxCsagZVutjk16j7ZFlu4x43xMYxoyzINfcP5vwKMBAAA=
61,2e26af535cc341ff9ac203b8b4832a3b,470c9f39d46542f78a6bb95ed2316e35,dac1cf0b07d94595aaf11db1fa32e31c,2ef1b4075ad74384b89d890696dba7c9,1694685281089,490000,True,H4sIAAAAAAAAAB2Q20rDQBCGpwe1CUjvvBJcpXgXSnogiXehtiqtWlrBS9kmY7I0J5KJtU+U98iDiZPuxfw73/7DzowOoEFL6QDQakNb+XDfgrNZWibU0qFDMtCgi4kXQnM6oD0rHxeRDApO/3S48FWRRfLIrlWaY49pDwZ1ZT2pHxQUqkJQKupqt5TEYlGILHKNBHesW0WEefOgEpHmPt/ZXuxVxswx4ZqjL4+NIf0WB6lIkIpRHEIVIVwxLrMgl75KAnFMy1xkSLfQYQ43HOoKNyoIyfAi5e1FmoimDf6hLJA7vawrr66i7Xo+e3FXPei+yRhPtLEtovSAOejQn/9SLl2iXO1KwqJ32pO+dD++Fqv3z/mGK8uS0WDqjE3bQmngyLeNieXZhtyNpoY1Mj3pjB1rZ/KKtGaEgmScQd8ZmpPhaCymDxNbuK8AbTh/lLEMELoA/4HnTjyeAQAA
62,f0aba8c0d9744e0c985fdacfdaf68e67,da49a4f888ab42c39c74202179957d94,74fe2dc3ded647859440da8ac6a150db,88ff60edeed64b9a8954b2d1a6ba085a,1694685282691,4000000,True,H4sIAAAAAAAAAE2RwW7aQBRFn0nSAqmaZRetklc1SEUpxDY2drKDQMmCEgmIqq6qsf2wR8E2Go+l8Af9ia75Dz6lH1L1AVl0NaN7z73zZqYOUAND1gHAqEBFRsaJASd3eZlpow5HWsQGnD5mgSLxJIIlGUdQu5cRfV2KuODQ3zq8jmSxWop1DY7HuaIqq2/gYrvxRiQUzkLWbnG7iZyuyYv/2fIduwkfGBiIVMR7M7yyzYN75bt+E3jrzbSiLNbJwbf8F9/z7DbnL5m4U1Lj/yWu2ThAtuW03UaTRzlnbkpRGVKBOiGMaEFZQZgvcJ2XCj6xr4WKSWOw5rCw9h0e+4xLhal4hgYLbP35/QsHL/kdkmEi9RcstAifZBbDOxbLFep81+PuEC1TKto8Bu4b/HkiC5SaUgxFhgGhokXOh0cf4f12091uluPhaDgZ9KY/cPA4GQ0fJth/+F6F44lICd4yMxaFxj7/h06gDmfDZ61ET2slg1JTUd39IZyOe7P5z/502Jvfc7YsWbs0w4VrdUKrRbbTbTleJFpBx6LWjWmbDnXJMl27CrX9yFqkKzi7ubaca7uDzq3Vxd43gAq8Ojw33wj+AYWCd2I7AgAA
63,6dfec43be27f4704aee1bc9e3c29239b,8b3abb0eb31f474783c2f59543819df3,17141df30e534c73ae53bbe1e688ec89,9b008434c75c45308e68b8ecc00c5704,1694685283587,19000,True,H4sIAAAAAAAAAFVRy24TQRDstROwFyEjDnCLOgKhoGjxa21vfHMcx0RKCJLNCSE03mnbI2Z3rZlZSD4EKX/gX+DsT8lXcECI3gQicpqemqrqrh4foAqe8gHAK0FJSS/wYHuY5anzfCg7sfDg0Yd0Zkh8ETNNXhmqb5WkYy0WlkW/fXgolV1pcVmFrdPMUIXRGjzdrHtHNKfUUh83a7Hfa8ATxiYrInmLNBvwjJGpyQnvUTvwnPEzlap0gfcFO1xEH/n1+sd3rj79vUbXV1fFlVvvbdbd41xrnJDDwyzNbR9HFysyDtmRDCt6e416+BpecTU2InWWse5+iy3x/6YFc54Z2OGTRLzEbI6XWW4wuSVp+kravuGeu0WM5V2KQshct1QWlaMElYUXjMks5w1K/LZUmjBLUfyzUlaLVLJTIeUg0ztpLFKcERriSRYkd4sldjZrPXp/MsTD8/PppAzbcaZ5zvKvnxXYeicSuiGNtYjZgneQOQs+1EYXzoiBc0bNcke2Uvw2PB6fDoYn09HnGy/W5zmjL8OebIbxQRiIOIqDMIzagZh3wiBuhGEriuKm7MoKVJ1KyDqRrKB2UG+G9VYbO/12FwdnACV4cCQSsSCOBX8Ax+K9Y2cCAAA=
64,6f306b5bffe443ddb1842fac85a2a547,e627b6a7238c4774acd4627b6fc846f9,53a4767220e54d7a99008beea80410f2,8c69e16098f04641bfe70eca69cdc421,1694685284680,99000,True,H4sIAAAAAAAAAGVSy27aQBQdSNICqpRuuvciWxo/MI9KXTgYsAkeEmMM9qYaewYzjg2WHyH2P/Q78h/5ln5H1YFEjapKI410zrn3nJl7WwA0QY22AAC1OqhTXPtZAxfDfbHLay1wlqPgDDQ1isk4QkHGVL9boLV4KKJoftiRtAHqOgZXmEidHu4J7T7hB21JIn67vxHEtoiIzEsbvusPfFZ3l+4TkuaUZE3QyMlTXqQkO1k3wIWNooLUfpHDPtCHUx6thMiXzK23Vqiu7gPDcmTDUkRYOeXc0qX54nCrDxXqa9NHN44ydxk96FTp6kOdh7EjQRGGML4XjXDJw3BUOaEvMrx0VTM2VEM0KncLqZ4NqRLou5vSE93Em9hzh/m+9plCtIaVLQ4y968OJq4ob7Fml649jfy1nfix/eqrmSVeLd90ZkQ0U2Bc9cplx6zHd1kLPpr/ix31dukN9WBOFYo0k/fV/eNMeu8xi4XEi+3Qj8cxHsqFu75/xBO7c8qx6D/ByfjBXY0OrhqURuhUrqpXRmV0oIojpzL4+RG3zNCxdMEIDREy3gkDEVqYsrt0LaXjrqahUZnUVf3DUa/Tw3u+WIgw83DW5va/7GwG3mrA/A+nObE/ytCKp6d/OPIaf/t+3wyGO/47m3gLfMQ0SyJUNsH5bJ+SBgPPwdXLc4+dMds/zNEdl28JhwlJSJZzTEvSjNtvwBcmOTLTYhdEhLNInETkK2tw+fLcfXmOZqPJCKqK6TTAOUQxOeFvYo2gNGf2l6OnPEVKnqfUK3KSNY7LDz5Nl3AyG/3QRoppseqiYOBVf8MLkoelttTFqN2RCWp7sjdod0ReRh4vd3sDuQGaOY1ZThQn4HP/WpSvRYkT+G8dkbszAKiDDyqKUUDAGQB/AKbBunV2AwAA
65,e8e593a7383341fa9931b2bce24f86c6,ade1822716d84ed5a2f5f57fde4858a4,a9f5f7565ba3405c9f485d51f7e8e6e7,2ef1b4075ad74384b89d890696dba7c9,1694685286143,500000,True,H4sIAAAAAAAAAB2QTU/CQBCGp4DaNjHcPJm4GuKt4at81BtBUAMqAROPZmmHdkNpm3Yq8ov6P/rDjFPnMO/uM+9mZ8YEMEBTJgBoNagpD+41OJvGeUSaCXWSvgENjNwAqqiD8aw8nIfSz/j6a8KFp7IklCd2LeMUdaY6tMpi9KS+UVCgMkGxKIvtQhLLiAJkkSskuGPdKCJMq4KKRJx6fGZ7tlcJM6cL15w9eaoM8U4cpSJB6oDiGKgQ4Ypxnvip9FTki1OcpyJBuoU6c7jhVBa4Vn5Alhsqdy/iSFRt8A95htzpZVm4ZRFuVrPpy2SpQ+NNHvCfVrZ5GB8xBROasx9K5YQoVducMNP/92QuJh9f8+X752zNL/OcUauLvWHHxYG16wxty7Ydz5Lb7dByHRyjN+7v+q6jg1GNkJE8JNB02l273euLwYM9EpNXgBqcP8qD9BEaAH/cJXIlngEAAA==
66,7b409883387140f5abf77eab5459d6be,cf00feefec114040881bae2c48169cab,09bdf46907d64a6d82183b0e1c90e733,106bd90f9d5444b2b9a5cecdf78a885c,1694685287133,160000,True,H4sIAAAAAAAAAF1Ty5LaRhRtZuxEUKm4UlkkZW+UqlnYNUVG6AXMTggYJCPJA4JB2rhaUiMa9KCklhnmH7KO/4D/4FPyIalcmFnY2ehW3XPuOee2uhsI1VGNNhBCtQt0QaPaXzX0Ws+rjNUa6JLh+BLVRzQiwwTHJbD+baDGdFMlibPLSMGhCyNCV1IrUNV2S252SRQ0pSCQm51IXjZlMZCV1hKLOMAw96nIt6RglJR1xDHyyKqClGdrDr2e46Qitb/JLo8N3RTwQysJpckqWGjU6Oex5XqitZ7trHUM1ZAdfffR0DUajswvfpqU/izZGFRTYXbjrc3Ucs2Vlc4UyzUE311Rp++v/fR+bz/NRKu/admiubJ1o9SpFhtZbx+I/ja4mzse+L7obPHcTEg6oGPtnOkJP0SVt5i0wnQ+9RfDFl6Yia8bsUN7QpjNkxee4C9WQgRYuD9j7bMHZJ0JzHTpd70TH/R25x2NFOZGmjred7/RUBh+UBJPMld+dl8F6VwYS5OEjE45Zl9sN5StJ0NyXO3RubM3/t0k9dMB7G2vvNR7stfGo98PZX9t7Oz+/c52N6L14Em26FPH9WS7P9xY/SG11qHgr7W9LcIcNT6es40EqL2ungnwkxrox4iW2wTv6+jVOC8IB82f0C/HQ3tEcMJWt/zxgK9bAvoNWtMtIdFzR4Fv9/218gH9AcAQFynNYn6YF6zKyDOl80yRPoDku+NB/URJSPhenlXlLT/FCSnh4pR5hq5AQc/TbUIYOU3e4SIiGT+nJWV5wTvLJfDQe0CAyHI+xjQDnvrP16/8/5yB8CfY/Q71OztgXyvARwIgNtxSfraNCxyRZ+gsdTx0Th5qByg3x0PYVqBzCv8r7HE8JBNtMuB7E00fjAcuh17ZOCXoLWC9JM/PIcY5q0q+V+CQwC5wuG8Gj6zAGmMFDSpGSg5xaR7RJSUF4oKXMe70RNHPY8edTT9/o19V0L4S5DBsSypuKnI3aMpSuGx2ZKI24VEqYaezDCRZ5FCd0ZSUDKdb9KZ705JvRIlXbmWF1yyELtAPfZzimKBLhP4DgiRNTB0EAAA=
67,a7fa4714ee444f9c9e46a490cd2b7c17,97c54141047b4f3480b3d5ec7d0effa9,92a6d500c92147a698c043ff0e74b1a6,7844d2bf0dc641e9a52c474833f6b044,1694685287302,15999999,True,H4sIAAAAAAAAAF2Rz27TQBDGx0kLThCK4IAqAdLy59CqTZM4ToJzS/OvSElAbTlwqibx2DG1vWF3LeBNeuCe98ij8CCIcUIkxGlnf/PN9+1oywAlsKIyAFgFKES+dWbBYV9mqbHKUDQYWvDoUzpXhHc4j8kqQuky8mkUY6h56HcZHvqRXsX4owQHE6nIZvoYnm7WnUvC2Cy7YrPG04bX2rIBBZRq2kG3DhVm1ysif0fa8JrBCFUSpaEYSWWydC9u8uEdn7474YAXm3X7JiJFvriQaaa7YkSojThu1twTeMUefZnMo5S0MEsS/0oZyQDYq/ONUOUx7N4Uq4gW3GIsg3xmazKlWKaipxKpzkRfSRbtb5j68CZ//NcM9XJHz/PxscLU5EbtVv3X/T084+q/hVh1zksccWezjifD8XA26F19FlyN38/G10U4XMhYKvjy87kNBzNMCF6y+CLTJt76kEooNVJMKAwZaChDZfjdKOwZo6J5ZkjbYCfSjwJeHez530k7/2J4MhpeTYezmw+3+0ROyTLuvEXsLOpeI6guWm236hI6VWw5QRU9r9FwPZ/cRdOGkokS0gaTFVScmlOvOU3hdBt18XEKUIAHA0wwJF4R/gDUTJxjYAIAAA==
68,da97badb4f7e45eaae112abd6e69ca90,a09f75ccf2074dce87bf79942f80e3f4,c472d09bd540482eb49685a3f063fe2c,11679468c0474b189064617d32b4d7ce,1694685287443,15500000,True,H4sIAAAAAAAAAH1VS2/rRBSePi6kEeJyeUiI1RSKBCrh2omTJt1cpUmauI2TNnXd2gihsT2Jp/ELj9PE/QVsYId0F8A2f4F1fwo/BHHGSQuVKqSMMuecb77znHERoR20wYoIoY1NtMncjZ830ItWNAvTjSLaSslkB23T0PHWiC3/1kfbORJhtIV2esylxz6ZcLD/XUTFi+nM94fzkCYFtKm6aE9xK+W6UiOlg4ZSLVWUKinVx0q9NJalg3HNaZRtuQrnzpIopknKKN9BhZQu0llCee60gF4YxJ/RjT/oPJqorROJXMm+Uxl59nWTqe1ooulmprXVu6HeKWu6M9ey+anaajKnd3JrBT63Lv2pypo1taVWrbaaWd2RN9SNwOqqknZzHAy7lje4ad4NdFU2dW9qBR3Faqm8xZoTNTzK7LIV211jaILfFc+Jbl5Z/qh3ElvhuTR8xA5iq1z13J6RWcaJ71wbsRMYK9+9UeZeXa5xI5/2RjLY7lY2LuIVuekXkj98qhN4I7Nb6mTImoz0RpLTjm77lX85+oEc24Fx4wTHgduqzqzr81u3ayh5HBf1ihmYc+1KWwx1LxgEl4vBzbQ8uLrMtLsmLONG1MTUDW94ZUqmfj63YA3184V2o0mDtqPAXrECs2rql2VLh/N3jqxOojy28Tn896TT8Tn0qojedRmPfZLB1PSjhBZAidFH98v6UULJlIUTfBbNaYIbYPjwfnnQJgGZ0EN8v3T2y5KEPgOdxkIBvIgpdYWF7Mvf1MB2Cvv6dwD46+1b2H3/KP756xPxt+VT8Zcn4u8/CRHcf3C/bHTGY+YwmO8Mqwb6HOxq6ECknHLsRXP844w5Uz/DWTRLcBpFPnoFGFvkwrHtR86UfwtUX4ASfj2ShJRznHoUp8mM4jjPNRoLDdrPQW6XBjyNAAfiLu4Qx8OTtQpD5RzqYhaiXbB6NKF4znwf21HEU8xSjgnnkcNISl30fs5HeEpS2IkwVh5oi4TYpnjGgYpAmFHqYSIqzOdR4sKGktAVTaFC24ghRbKgIAqOT1apmCLhx1APEcaigODuhLjQrjdv8FehiJhCheKYul+j3TWi1gxsmvwvhOpRTO6eheytIfYFiWOPJc/7ekBVmwFNvYynz6IQkkU4NvNZmh3i/44VPsorKmpxv/RHaren41ZfbZ3mrewmJIRai8mDVZGkL2FfgzFbc4gpra14AD2OEgEtSzxvw8cQWQsmxY3mYT69MljENcgLW9c9xqGTNMDOqk0JBYIJdXfRp8AK0fQ73c6g3RyZuNu8HOj9jl5A2wMSUEFde+gJ7hJ4o32awqV72VmkCWmmacLsWUp5IX+eX3U72oU+HHR+eOApovfEUw7JBRQS3EJF+jj/EOE2AkezGRzdo5LkOgduueRWq25JGSu1Ur1uV+ANr9YP6rZCXVkuoJ2UBRTmL4jRy8Zr5XW5gmX5sNLAZxpCm+id1eWGrwT6BxWikA9nBgAA
69,acd6531e6a824116965751f3b5256301,8b3abb0eb31f474783c2f59543819df3,17141df30e534c73ae53bbe1e688ec89,9b008434c75c45308e68b8ecc00c5704,1694685289338,20000,True,H4sIAAAAAAAAAFVRwW7TQBAdJy0k4RAEQtyqqUCoKApx0iROcgupm1ZKUaWEE0JobU/iFWs72l1D+yFI/YP8Aud8Sr+CA0KMCy3ltDNv3nszs1MDqIIjawDglKAkI6fhwO4ky1Pr1KBsxcqBR+/TQJP4LAJFThmqJzKiYyVWhkW/avAwkmatxGUVdmaZpgqjdXi63XhHtKTU0Ai3G9Fo91x4zOB8TRTdQvCckYXOCf/nujeFM5nKdIX3FS7scTD4wNXr7984+vg3HVxfXRUpNz/YbvrHuVI4J4tvszQ3I/Qv1qQtsiNpVngHbqv7Gl5xNNUitYaxfqPDlni/acFcZhr2+CURxpgt8TLLNSZ/SIq+kDJvuOd+sUd8t0YhZK6NpUFpKUFp4AVjUZbzH0b4NZaKMEtR3FpJo0QasVMh5UUWd9JQpBgQauJJVhTtw7PtprfdKP/8dIKTE3++OJ+NF34ZdsNM8bDlnz8qsPNOJHTDnCoRsg9OYjKWz2QJalD3L6wWY2u1DHJLplJcHp5MZ+PJ6cL/9M+VnfKcSy/JGwaDyAubbkjU7Aqv1xz2yGv2A9dd9g+pE7WDClStTLiNSNZQH7ba3VbnEHujrofjM4ASPDgSiVgRbwm/AQMs9h94AgAA
70,e2b96489b07940f68c1efb5b7b25f9ad,5ce7e585a72c4680b4d4d6a2fee33e86,5ce7e585a72c4680b4d4d6a2fee33e86,0e8a917a2ef24a75ac88930812837f29,1694685290028,144000,True,H4sIAAAAAAAAAG2Sz2/TMBTHX7oBbQ5U4ooQD4TEAaUrW9vQ3dI226qVDqXswAk5idNadeziOED/ov4f/cMQL1knesCSD34/vp/vs+0CtMARLgA4DWiI1PnhwJOxLpV1XDixbNmCU66SFVTrBFo3IuVXki0LOv5x4Vkqio1kW6qaacObFG3T/rDfDYJYSGG3lxgYzvCLZEpxg7jf8f1ORtPrm684nk3Ht/Bmv/MjsVxZbyxFska74mj1BnWGDGOpkzW8ohKrkUgJp6AUilfpOll0CDg4Bt6ZJVOi4CmOSiHTf9TFPAxu8Zj9moQXirM1Hjs4YMkFUKefaCl5YpFJeUCiUAcbFbxzDK+Q1qP8wmrDlvyRPQuvHqFvSfNuw1VRj2pKSQ6Lh+oOjmoAvKSaX6IC8oexU8yMznGrS1MLCPWTK2raojb/0akegmzV4OtwPgmib004nbOcwwuKHy7mfYFR1QYutMPf1rDAWiPi0vKiWf0GeD66n84mYbT4Ht3PwogkypLC7z75cZxdJD0v7ma+10uHmRf7rOd107jbz2K/P0h6TWhZkfPCsnwD7eHZx97Z+QX2L8+HGHwGaMDTCcvJa/Wz/gLtVCiOiAIAAA==
71,74ab769799da4f16a4d76be44f12025d,e627b6a7238c4774acd4627b6fc846f9,53a4767220e54d7a99008beea80410f2,8c69e16098f04641bfe70eca69cdc421,1694685291510,99000,True,H4sIAAAAAAAAAGVSy26bQBQd59HaVqWsumeRrRseflGpC2Jsg2PGKcbYsKkGZoyHgI14xIF/6HfkP/It/Y6qgxM1qiqNNNI5Z+45c+9tA9ACDdoGADTOwBnFjZ8NcDk6FPu80QbnOQrOQUujmEwiFGRM9bsN2suHIooWxz1Jm+BMx+AaE6k7wAOhMyS83JEk4neGW0HsiIj0eGnL933ZZ+/u00NC0pySrAWaOXnKi5RkJ+smuLRRVJDGL3I8BPpoxqO1EPmSufM2CtXVQ2BYTs+wFBFWTrmwdGmxPN7pI4X62uzRjaPMXUUPOlX6+kjnYexIUIQhjL+LRrjiYTiunNAXGV66qhkbqiEalbuDVM9GVAn0/W3piW7iTe2Fw3xf68wg2sDKFuXM/auDiSv2dlizS9eeRf7GTvzYfvXVzBKvV286MyKaKTCueuWyOmv9L2vJR4t/sVpvl95IDxZUoUgzeV89PM6l9xrzWEi82A79eBLjUa9wN98f8dTunnIsh09wOnlw1+OjqwalETqVq+qVURldqOLIqQx+UeOWGTqWLhihIULGO2EgQgtTdpeupXTd9Sw0KpO6qn+s9To9vueLhQgzD2dj7v7LzmbgrWXmfzzNifUoQ2uenvpQ8xp/937fyqM9/41NvA0+YpolESpb4GJ+SEmTgRfg+uV5wM6E7R/m6J7Ld4TDhCQkyzmmJWnGHbbgM5PUzKzYBxHhLBInEfnCCly9PPdfnqP5eDqGqmI6TXABUUxO+JtYIyjNmf3V+ClPkZLnKfWKnGTNevnBp9kKTufjH9pYMS32uihovd54OEDCUOp4A490ut3+tjNE3W2nL0tEwLg/FGShCVo5jVlOFCfganAj9m9EiZO/ijx3bwBwBj6oKEYBAecA/AGDRw8zdQMAAA==
72,1bf0760aa40444c5b42c63622669b047,4df29d9105fe4153bbb882c2595d56f5,6c68527708ab48a18d6910720c42686c,3a6fdd026dee41debd47c240b0f2f538,1694685291846,220000,True,H4sIAAAAAAAAAE2Sy27aQBSGD+RSY6nKtl1UctUs68b4Arg7ikljFNsN1+BNNbYPMOALGo9DnHfoc7DtM+TBqk6iLroZ6fzn+2f+OToyQAsaVAaARhOaNGn8asDZoKhy3pDhhJP1CbRuaILXKVmXgvojgzzZVWkaHHJkEjTdBC5ji9h21+iqcRRpqrFqG6qNpKeabctuW7Fm2kkifD9YsUfGKZYtkDg+8oph+fq0BGdzklYIv7EeaeH9RkvuR2lcux1RTydaGrjbfdfN53U0cDtuJvo3/c5tbf/HWpwsrHRpjDZhfldF2Vy7NcYp3ozbcTZ78J986k3jejndGcFinoXblIbbOQ0z1/S+z2ngzB79xZ3l6TMtcNbmUvc0b+HvAqev+078FG5Hm2AxPITOhoaOa4VTj67u27ZIL8ObhJb7lNQtOL0tGEpCPIePz0eROGZISiwVvkGF4ZoVB75RGOGoFCv4IJAcCYtqJRazKZUifwX3VZTSGD6JNi1Tkifl539mmq8Vkitidoy8euC9gPABWa08H4khjm6JcSEsX0SKd0J7PqYzfxB4XuAr/cFgOJkE46UEpz7JEN4K4JqwDJkSsEh85WL4cnWfc0ajimMpvSwFyNf9sTcc/wzG34SzqoR0GemJtcIoUnumjqrZxY7a6+imavYis2MZhk4MU4IWpxmWnGR7uLCv2uaVbijGV9NW+h5AE84dkpE1wgnAXyR/amiLAgAA
73,e2614a888dc241608fa0e2e1bea94b55,8db6e51de2ce43b78b7b7a4849a0fb44,d2536515f87b4200858c7119b5747bb5,ef7f7cd6d3a74c5c888551868d00956b,1694685292349,719000,True,H4sIAAAAAAAAAB2RwU7bQBCGJ4G2iS8cqSrULoKrSwgmOL1ZJqgHEkdJkeCEJuuJs8LejdbjqnmZXvMeeTDUcfeyO/r/+f7RbADQh44JAKDTha7J4W8HPqSusdwJ4Iix6MMxWb2B9hxB/6fJ6aHEopbyPYBPuam3Je7E9eg89aDlfT3s75KGXYVsNJblTnHjba00eUZj4UJ00cgbLGtlrNq5xsv9myw7v5MXO/gsJt6Q8aqNR8uUq7Xz1XeJODvsaWGKDYe6NPpNsVPa2bUpGk/non877ON7R7WyjlXhpVml6LeCF/rzvLUIHg/78mmWZtNpNlNJmk6Wy2zx0oPjGVYEX8QwJ187i6VKXbVFLcOpaDAYQAAnkz/sMWH2ZtUw1b3/uzudTxbLbJY8vgp1nqS/ssVr2yDMphH9cr3KaaRH4zC61aswGg0xjG/iPCTCcTyKhvEdyQ77bCqqGastnIyvrqOr4Y2KftyOVTIF6MLHe6ywoPZD/gFcGncQvwEAAA==
74,6b006778f76948db869b0fada5dd2fb6,faec1be9a15c48f792a8b4751b9092b1,782b98b5003a44798a78c35d37d1e7d9,b659363aaa29454ea2518ca1cf57384a,1694685292724,5100000,True,H4sIAAAAAAAAAF1Uy47bNhSlZ5LW9iYt0E3QB9h2AjRInehh2eMAXWgsP+RYcmzLD2lTUBIt0UNJA4myI/9D/6B7/4c/rCil6WPaDQnynHvvOZcXbALQADXSBADUrsAV8Wu/1cDzfpLHrNYE1wwF16AxJj4eUhRknPVHEzSX9zmls2OM0zq40n1w47quJ/me3EI7JLRk1PFbSJS9licgUZIlRdq5iMd9TJMHnDKCswaoM/yJ5SnOqtJ18HyNaI5rv+NjEuj9iYA2IvXkRehuVaJrSWBYtmLsdWWm6YWxt9tGcfyg91XijScHJ6KZs6L3OlE7el9vm6eB7IyGoRkZ8sxaCfws2dGE2pu5YGiLe/sUCKY2PzlLPesTNdDju8KVnAd3tJ7ZvO5jnomF5HXmaurR0FQyVStdJ7Txc3u7EL1ovXS2QxFtJ9Tp68GM3AlevKZ/8QRnGwo+x7yiwrpVHa53JbCJRf5zV/J5vmPlU4943FjtTIvekxwKQxuF2vIkdOJ57kZrYSovKB6XOlYH21rxngSSefIKw5oQx+LeNsPQ0fSTo81lZzNvm5pJDWsd2fshNffBaabNxZm12BsaJaYVEmNvRry3grH3qWnNFXupf6i0jQW+3/X6sfALf6km+Nwn2QNFRQM8myYprvPLL8B3l3N3yVIcByx8Dy9n740o8O32pzeK8lZ5DX7keD8lDGooQgH+m/LqX86r1zwRP3Y3IaEYkrikWCGGfcSQl0RuxrGfwQ1fszyKkhiikjFGfFKxD6uRLMNZiFhVLqPJkRYwxYeEHnAGUcqH2odFkkN8wGlRpbqckaiUYRn2ktjPYJLCY4jjinZPKAVfcxDBKHHhkbAQRphiDP3KxVuu+JtKMQ9AMcQxjgpIMhhyo24BUeXn/yJLG5CFmOMpBj+UtVkexxze8eKXsys91YNiH3zLzz5GpT1PKVvWpTjLnoh4LHPLXzGDhOEIelyNi7l3njLA/vfg5eWsXM508FHvQ21ljgYzE46ms/VgWQfPTBRh8BVnLJOcHjHi3YEjmvCm8ed+MfjEUqQylhI3Zzirl58E+HI5W003A3U9WPz6T54858jNroN2t1jstHo9SWi1BZ//BR0stm67oiwJouy7brsOGoxEOGMoegAveu/E9jtJhsp7SYGqAcAV+OxxTsA1AH8C3NQHk6IEAAA=
75,fd0bf1f0b97e40f6abe3e7233c64a298,2bde5969b40d41e28c5cb74a7af5bd63,b259561af28b4a6fbf5a549446b41390,d2da29a656b040cd81bc053fe2197433,1694685292968,7500000,True,H4sIAAAAAAAAAI1TTW/jVBR9aWeYJAJVIBaIlbEqsZh65vk7jsQik4TUVeJ2MknbGLF4tm9id/wR7OcSB/ETYM2CfZZs+AX5J8wPQVynFXSJ9KT37rn3nHvfsV+bkBZpRG1CSOOIHEVB45cGed7PypQ32uSYs9UxaZ1HAXwbs1WBVX+3Sfvd+zKOL39MIW+SIzsgp4qh045iGpJPZSapCrMkS6GyZAYMZFPRLF0D5F3l2RpyHkHRIk0OG17mUBxaN8nzaxaXQP6E6oK6tyENbi9iv7INjGfvaHxp361NO72uvL5t2Anmz3vGuLKe1Oqc3ejxQr0I3fRt6SXXdKxOYzifyn4yv5/c2ZvJwJadwYROBm/lRTINnW2vcm7srTubb5yRvZ3M3BB31dm+uXMSN1zMptFiFofuyKaLZL69HPR0Z2Yrbl2jLHS3f2Etb+k3eIM2eRFExTpmVYs8G2c5NBH8nHy633WGqR+ylEfpSrgCjvBn+505gCWkBXSF/Y691Cn5AjE75RDH0QpS/zEhU4r1H+93xpgVkHvAEiJiJS6XrQuhyspcgBQStFRYZjmSPFnfkK9xx5pDGo8ffv9VeCqOmAn3kFe1NIoxtcD9Fbb6Els9mfcmKoIsEd5kWcHJ6UNjXKMc8wWqqC9V+uG3P4T/KOQTRB9oj5Inh1niSe9WGA+vh2OEHpRgGq1CLvlx5L8XeCawIBB4GBXCGjjGtXdwuEEdJ5CWX9U+73c6qg2v7H6TPHNYAgfrvhvfxwK69T0OpY9KlgcRS/GjnAw3PGc9zvPIKzkUTfIC1ex0mZG/fhJ5tQaxK47mvenA7jnimch8Ht0jtmRxAWcibNZiV32lGB2LqpasGrqqWaY2NM9E/Itz5NaDIC/EF1Kr/sv0WRpU8wICsUvPxLKM8CDqHTXwDWMpKZbBJE3TmOSZqi/5qmlaiq51fFNGsTKNfijBrhma58uarFmSF2i+pCkdkDygigRMUz3FokbHo4/tD272azMfh/i5Wb9ncnw1nKFV9Qjk9P9M0CQtHiVQcJasyYn1WtZeK6qgdTVT6E0IOSIfDVjCVkCOCfkH6M2RXz8EAAA=
76,e66ce08a36d848ca90500a7cfa92e635,aea42174db5e4265968982d60fe34d59,8fad1a37109941c2869a56744001c99e,ac7e2ac265064a48bab5577de8b6f062,1694685293769,200000,True,H4sIAAAAAAAAACWR30rDMBTGT+fUrl4MFQS9kAjezbp23az1btOJotPBHHibtmddsH9Gk6I+Ud+jDyaeaCCBfF9+H+ecWAAdMIQFAEYLWiI2jgzYvi2qXBkWbCmedKCNebQGvQzYW+ZhifyDhykaW9B5EDHepzyR5P5YsBsLuUn5N0HPRYkmqRYcNvX1REMiT9i8+MSS+WTsN7V/xzOe4A1r6qjnOXBC0kzk+t1igxhrg/fci5HjEHBK7phtdMCqSpkqCjrWXLG/iiQck89XiuKJIsShO6skykuCSfOpjre1kEwozFjEcxYiK3FVlAnGZ3DQ1KOmTqfzx1tG+2n8PjWh/cIz1B2M5iL6KHKRhZVkAwqnxrrTL1XysVKlCCuF0tQDhD0Nv748zibLBQVUFWnnruPFo5WLdhy5vj10rq/swHG5HYVREER+HAx9bkJHiQyl4tkGukHf9foDj3k3Q4fNZwAt2Pkfl/6JXzHkNpe4AQAA
77,f4c22b47b95c445eb3846de5432fbabf,02da8db9126244dd8350ab0ec87515eb,02da8db9126244dd8350ab0ec87515eb,94ae518abe3448b48ca56e2acbfb9875,1694685294232,2400000,True,H4sIAAAAAAAAAHVU3W7jRBQ+qbfdJEvVitVKXLAwAio1yjaNnR+nvUubNq22pKu4u4AQisbxSWLqzETjcUsvueEJkEAVSNxV4jH6KHkQxBk7CWgF+RmPz/nOOd+cnykCFCAXFgEgtwZrYZDby8H6sUyEzhXB0nxcgCcohpMFwopuIrBSJOQhB8/eCl8hv+Z+hDkLCmdhgKcRH8cE/6sIT4MwnkX8jpxcSIV5kjL49PHB7SJXzBuS7JA9PgRN16FHa9du1Wsl2CWApxWKsZ4Y9bDcaNHjYLfsNEoprmy71UqjBGVCHqtQs+MJF0PMwLazk6Fps4S3dkpQWYI7fMrHC3DDqTR2ls5X8AZtwSb8GfIoI8HLjolJO9wt16ulzMZdWLgHzYpbAodMOjhCEWNmY1fdpY3zvk3NblacEnxsTjtDDDKLVqWVqZ16pVWCEmnPhcYoCse4OCJRqS4oVxe+muSIrfiyPhJ4yWAZrQRbZvst/ef3P9P6HZXjNWX/8SHK1gsea+ZpLgJ2fk4BXpkoHZyRR6oHlVaRfKU4Ra4nJDrlRE6M2ddQI2lXyVvCv1ui3iipcahDKf6R9fH75AYF18jewSYJriZSidg4J0ofPT6M5r/8xLwZV9ep534ikKU6KnjzNIki5qFmR1Ik8SHzJjyQt6wdxzyOQ2HSsFvdr5fgpSm4jCIKz4gpi1NgzOTIvMLnpEaB0xBjdicTdh2S31AMqZ9jE5VkKvURpP3CRlKlbhRSlhY+PjPqRIyRjnc7CSNkt9TZxlpPwpjFqCspJu3L+e8/smVfG5Z4g+ouDUsn+4QEl4JRpXEmlT6kGsaa5iMmpG9X4Rk9CDLlglcIvk1Za4thiGKRhzRMV3Gh46zuJtHzX/9g/2p50yIHBJtR1YjRMdd8KKe+MXAjYhMZz3TipumFk+5Jr9Puf8M6b3vdk8seO7q8vPIsWB/KSCoC0gXwpMenCMdkMb+/Z0s+7xfkSMqUVHP+25//t0IRtk5+0Iq3NXWan2iMLdieSD2YSc21HAzNnURBi/klg/XqIX2LsK6oPQhd8N60+68vzntdgq0Ru/xUBuEoRAVPeUbNgg8X1RqEGqeD9NCEtizYTGZjxQNcydbzUJAqHIfiio/hhXfW7lx+NWh7Hv3Oe4M0G/n0InzpXbX7/ZPO4D8xRfjAXKBUmCkxIJ6bgZmoQZxNVBb9eRLpcEoDMYhoBklHM2hOYcGGTmcjg22NspkbjLKZM/mwoKhW82R4k2C2GrpMsDFOp9K8mKolCbH+otp00B85/p5fc0d79ZrP93zu1vfc5qgWuD666NONXSBe1Il8OoNt2963a/uOzQ4Oq3XW/tKkeWPRWvT5G2259D9NBgAA
78,73ebb3a9a26a47ebbee244801f67e4af,19aa68f8d38b41ffb294a0b945778e0c,4814b1e1d00e4c139c77fad7bd1eea09,4ea43a2081b449c2b8000545320c5279,1694685294903,497000,True,H4sIAAAAAAAAAFVSy7LSQBAd7vUBbCyrdGeVsUpXFponD6tc5AYuBEmiIQGSjTWZjGEuk4TK4yL8gzv/gf/gwywbdKGLqa7pPnP6nJ5uI9RCDdZGCDWu0BWLGz8a6KGR11nVaKPrCifXqDVhMb3lOCkB9auN2vNNzbmzy2jRRFdmjF4PiNzvqV21I2Gx21EojTv9QU/tdGNCNEmKu0okw7vPRb6lRcVo2ULNin6v6oKWl9ZN9HCBeU0bP+kuT0xjKuKlxInirqOVzsxhnlier9neRrIOiWTf6aI1330yDZ2RyfQ+THkZ+nxjMr1rGqYCmH04dtMg9UVn6Iu2t7hzhqYU3m121jhQnXG4sQ7T1DHM0mB6YmY3+0gOt9F44QTQ9w/PVCXLHZvpFz0HvIzrYOVKJF3Mw9WthFdTHhpm4rAbkWQL/hcnhqu1GEON7C+13oUfdPpiNfXYf7kzHvh2F39mCu8mene2H/zDoVV4qfFAma7D7EsdpQtxpricTs46/HvrcJtaB3NngTfL+7KH+cjWAc7Q2geyBflEDb3pOjhYsj1MtPDOFAM5XNtLX4P5rC3P5oD5HsiB7CwDxZYDETx9umibiBBvBkYmfoQfaqPHMSu3HO9b6MEsL2gTko/Qm9OxNy5wVpXC6YjfSm8g9OBjCyzwPK+EKhdoFqPnkM2/CXGdJTTPBLKmZVW+A4aXpyN1WbKuOoQzsjnj7xndCQUlbEvLVwB5cToOTkfu6u5IGPr2eOTYgm4Yo/nccYMmemDjlKJnAPIKikvYKMHDnJUpzkD0k9FZi15VBYvqipbN84qjp5470ue+O/rq6TNzbuk28NQ1VF4TEsuiGMMSy4R01H4Em9zvwjWikqJpg0gdgPVWxVKwgNMtejJ4L6nvZUXQPih9QbcQukKPhjjFCUXXCP0G3xu0H2ADAAA=
79,4b57164100d94cee88a9cf84d247c145,e48e3bc0597e47b69d06b83a6a8a1b2f,ba7c7d75961a49f1ab87451fff101ae8,7844d2bf0dc641e9a52c474833f6b044,1694685296163,20999000,True,H4sIAAAAAAAAAF2R344SMRTGz8CuDvhnE028MCZW48VukGWW4f8dOwzLBaBZMNGrTZkeoHGmxU4n6iP4BvsGvAeP4oMYz4AbjVdtf+c739fTlgFK4MgyADgFKEjhVBw4DnSmrFOGouUrBx58UAuD/DNfxOgUoTSSAocxX6XU9KsM94VMNzH/XoKjsTboEn0ET3bb9gh5bNc9ttvyykW3uWcDXKJK8QAbHpwQm20QxYG04DWBITeJVCs21MZm6k7s09I9rXTOKODFbtuZSzQo2KVWWdpjQ+SpZaderXEGr8gj0MlCKkyZXSP7V0pIL4G82l+RmzyG3D22kRhRibBe5j17kwnGWrG+SbR5ywKjSXR34krs7zr7kvF0faDnefuV4crmRi3v5+0tPKPNf/OQ6JxmeE6V3TYeh1fhdNC//sSCUTibvx/352ERjiMdawMffzx04WjKE4SXJL/MUhvvndAkqKxmwRpTS69vEcpwEn6zhvetNXKRWUxdcBMt5JKmB3fxp9fNfxmeDsPrSTidv7v5m0pJWUa1Nx6PxLIh/Gq7Xm9VG36jWe3WO7waia6I/Mhr8iZ9c8nKhMJ5soHH3VqzVveZ37tos/4EoAD3BjzhK6Q54Tc9D5I1ZAIAAA==
80,8126045dccfa4d9dbce3ed76f2474295,95540083f5f04e48b8b409b07a07414e,d388a8bdf66e4ca5aa38a3ef22793cb6,9b008434c75c45308e68b8ecc00c5704,1694685296490,30000,True,H4sIAAAAAAAAAFWRz27TQBDGJ2mBxAcCHOBWTcUfgaqQxnX+3kLqJpUShNTcEEJre+ystLaj3TW0D4LUN/CNM2c/Sh8EMWkhoqed/c33fbOjdQCaUJMOANTqUJcR/KzBg2leZLbmwJ4VyR405zKiMyUSw6rfDjyKpNkocdWE/UWuqcG0Bc+qcnBKMWWGxliV4mhwDE+YXWyIojvSPYbnTFa6ILwn7cEL5kuZySzB+4YDLoafuXvz6wdXX/5ehzfX19srj35dlf2zQim8IIsf8qwwY/QvN6QtciJpfOt1vHfwhjNmWmTWcET/yOU8/H8i00Gcazjgk0S4xjzGq7zQmN6JFH0jZd7zwMPtDuvdClsja+1aGpSWUpQGXjKL8iJQnPt9LRVhnqH4FyWNElnESVsrb7HaWUORYUCoiV+SUHQIT6uyV5XK/3Q+xbm/WPqrBux/FCnddmZKhOzDOamULDjQ8i+tFhNrtQwKS6Zx+6OPZ4vJ9Hzlf90lFAXjV6NBEHvu0G2PToJu2wtE2A5E7LVHFLkUxlz3ew1oWpmSsSLdQGvU6Xod9wR7466HkyVAHR6eilQkxNvAH64gVCxMAgAA
81,0c7efb04e7d2487d825b889bba1c1462,cf00feefec114040881bae2c48169cab,09bdf46907d64a6d82183b0e1c90e733,ddcafca075394f64ac585daacefb9c64,1694685297086,145000,True,H4sIAAAAAAAAAG2Sz2/aMBTHX2i3AYch7TpVe5sm7TCFkkID6y1A2qJmdArrYafJJAYsHJs5zjb+Iv4P/rBpLynVOMySD34/vp/vs90EaIAjmgDg1KAmUueHA89GulDWacKJZcsGnHKVrKBcJ9C4FSm/lmyZ0/FPE16kIt9ItqWqSBtep2iL9sf9zg/mQgq7vcLAcIZfJFOKG8T9ju93Mp7c3H7FUTQZ3cHb/a4fi+XKuiMpkjXaFUerN6gXyHAudbKGMyqxGomUcApKoXiZrpJ5m4D+MfDeLJkSOU9xWAiZ/qPOpmFwh8fsNyQ8U5yt8djBAUsugDr7iZaSJxaZlAckCnWwUcLbx/ASaV3Kz6w2bMmf2FF4/QR9R5r3G67yalRTSHKYP1a3cVgB4DXV/BIlkD+OneLC6Ay3ujCVgFA/uaKmLWrzH53yIchWBb4Jp+Mg/laH0ynLOLyi+OFiPuQYl23QhFb42xoWWGvEvLA8r5e/AV4OHybROIxn3+OHKIxJoigo/H4+SLrehd91Oz0/cXtJ2nHZoNt3fW/AvUUv9XqXaR0aVmQ8tyzbQOvTudc7v+ji5VVngMFngBo8H7OMvJY/6y8hUvcRiAIAAA==
83,08b3d44adecc49b1ade2f4d7d3ca6e3e,52f2e7f377064a4db27af5ad35bdee40,a5b7e78cdb924e9eb5ad4b27e0228208,03cd36683dcf4578bd92d277ba92a0ca,1694685299195,600000,True,H4sIAAAAAAAAANVTwW7bRhAd2Uks6VCjTYH2UmCtOqeYNimSpuSbqygRDVGyZcWyFPSwIkcS5V1SIJeO6SCfkO/QJV8h9LuKDuW2yC8E4GK4M2/fvnlDVgEqUAqrAFDagZ0wKH0pwfNWnEWqVIVdxee7UOmEAb4VfJ4S6u8qVK/vMiH6HyNMyrDjBnDooGk4foNrOrdQMw3T1Jp1s641zKntBE3uNCykc5dJvMJEhZhWoKzwQWUJptury/D8hosM4SvmF/rkdqEHtxfCz91T2g+vddF3lyvHjW7yacs9dSXVO+en3bz5DdZWfGSLsXmxmERX2VTe6F1zILAzMHz5/t57nMhx/epxMvIex9Kzeu8IJ13dG7qUa+u9xztab2V/dJVPlrTeLOR4KZa90fjBG/UkRX0y/OOuP/RybzkOZ7dGk5RXYS8I05XgeQWedeMEy5T8GfY360YrllOumFd4ScmfNmvneoUYnLHNmr/Wj+s2/Eo5N1IoRDjHyMf/SnbBvFmfDsKATwXC74SjZxDOF0rzRejfsTzOEpZmUsYRBmyFCn4ghIpZQsNioTogihcFRRbBwdNxN/IT5CmmTC2QpYUWFs+2TPAL1WWhlE3zQoRxXH9FqWNi+Y0iTW5Os6KTMeviPQpWL7Si/gr+2qxnm7XYrCX7fkKyFU/2nFC0LJ3aPNyahN96TM3yICC3wrRwmPbwI0G21hd7iVF28DQqm6jbl26rDM96XCK8JLYP3XvBjD/pKrsTJynSx7LfflAJP1cqCaeZwrQMe0TkRrMY5KeayldYO6t1+oPrdu2oxn0V3lNixkWKRzV8WNXO9GP9qEZ/UEK44j6CLWjgBcP/QJ9HQf4+xYDgT+VtU62ip39Bn8vFvw67l+0hKc4yej+cNQ3fdkxbMzl3NMsyZtrU4ZZm6M7MDxp2sxmYZaioUGKquFzBfvPEsE7qJrPPrDo79wB24MUbLvkcYRfgH0NWrDVbBAAA
84,1f80b8efceac473ab0acd63d73f755f8,22951a9af2f64f3aac84cf211aa1ce7f,51e02d7cfe414d55a70e2e5c60ff09d4,0ca3265c7b4f43ee91cd0f62ae34cf3b,1694685299802,3500000,True,H4sIAAAAAAAAAEVQy07CQBS9BdS2McEYly7GhJ1BpA+w7pCHkFgggGsyhQEm6UybdhrlJ9ybuO9/9FP8EONloazuzTnnnpNzTQADNG4CgFaCEl9rnxqcdKNMKs2EsqLbMhhDvmaDkG5TVP2YcLbmaRzSvQGVlyhhOqI6VIs88KmkZBpFIRmNoFbk7eeESpUSpG6d+++vDzKSioUh3zK5Ysjf4ek1zm4kAi4ZeeNqR7hiIiVcErVjcIMsnneUSniQKUYGWcojiZZtwWRGVARXuNM4DveE/qnSg/F5kW+KPOxOfH8y1qEypoLBJYJHs/mOJmswodp/Vwn9x1MTzKMXPkBgsWWMxdC2hGXxT1DtLBaz0dPror+cDzuzHiZkGeI1z7GcIHC9uut4Vt2x7Yc6beG2aVutVuC6Lddd6WAoLliqqIjhwms07YZlk2bz0XHJ1D+EnPaooFuGgfALU2QzyaQBAAA=
85,93e44ac60734410dbcc73f73d766de43,0ff2c1eca8634a529cdf6051277f7dde,c2ba203656234a21a9b8edfe4b001f89,21fff8c06b9c4ebaa7c57f6851143cc3,1694685300076,190000,True,H4sIAAAAAAAAABVPMU7DQBCccwzYhxB8AOkKSkQXIUorMUmBUjhQUKF1vHEsLmd0d4HkRflHHoayXm2xMzsz0mggh+o0AJUg6Rr1oHAx6XcuKo1RpDZHym61wTAK1x+u9kzfVFtWI+TzruFXS22Q77/GVdOFH0sHMb31njNhU5jT8Vl2YplcMCTwZbwfDyxJlOnXuJe79RTCoxHRL4vKNWZt+z/24UlCtHhOR1sVVZkhXdCWcSfUjHzDzixXh7hhaNyW++ipiNF39S5yyIZGuJkV1bRcfC0nn+/zEkhwOaUttTxUOgOxxxo+AQEAAA==
86,52f3a9139efe40ed9d6f5440afa9815f,c49de50ff7d14a6fa4a2388ffd3fab81,2abd46fa2ebf4eaa93d7f524c11649a7,99cc3feac87d4cc6ba4f788a49ad3108,1694685301262,9000000,True,H4sIAAAAAAAAABWNUQqCQBRF76ilPoi20Db6HKapPrLADcQLh2FAM5wRqg25DxcWjb+Hc+4loIRwBEAkSFwjvgIr1Y/PkBLSwDZFeXaNObZsfbR+hLxx/tXyp0R26QdTLC1onvbz1Nay1gWyK3cGm4gqth3vVNRA2Op3GFiGMLjHGIwvlkNQJU+VvKtbrYEE6wN3bE0cxR/7puZZnQAAAA==
87,5a624a45acc643e1b86c82e5a28b0561,12fcb7c186a94c8399210f04ff79ba26,49e8159032d641fa9ba84e2c72eec19a,ef3de35d150341618bddf5ada729e7ce,1694685302315,32000000,True,H4sIAAAAAAAAAHVTbU8TQRCeUtC2QdFojBJNJr58EkqvB33hW3OU0vAiKSDxE5nebcvGvdt6uwc04f/0f/SHGWcPiCbqfdjLPvvMzDPP7FYAylCQFQAoLMCCjAo/CrAU6CyxhQoULY3LsCiS8BLcV4TynozErqKx4e3PCjyOpJkomjLrQKeixOgqvJ7P2vNZNJ+pM2VlTFbguTQCv8KH+aw5EFEWCoP2UiANpZJ2ijElhKE2FvUIVplkL6VBaUWMwynOZ7RV+8RoldN/ns8anbuwbeyldOXiT6xOY2Si4KIH3d1TDA76wX5eL0iFU0CoKB0L5mylcmT53yTrROQkkrGIUOmQrNTJGk4ypWQyRlIKYz00sOxE6bHggLQK73k3n7UGYiySO/Fe7QaN0tcixZFO0TfwlAk0sgyEZGw1b4uhE52pERMx4Ha3WYbv1eAVHxy6NL/BtXqtBi8YD7RWkb5OHEx+zRlf/dODQChlsKPkOIlFYh9cGPR7ew82OLmdyUTlVuZMbjZvCDcxEZQOp+D8dZMUqUFKIpzqLDVCjfJ2OKxh8gEUeYXneSt0e3uL99ngHUMnE1bEY0tCHTvzIoqJHeds8NZ5zAqkcGNFfSXypP5d0jf/s6YOL/9ypl7/hy9e7ssKD5db7x73AzzvHO2UYPGIYuHoW71pqr/LRFgZ4rmTVIGV7o1NqWNtKoeZFabkHgA8630bfNnvH3VP+8GFy1KBZfcCKLHOX1OEJ9n9tb645mvNdZeAK2UZB3+st6Nhw2+H602PRuubzc3WOkW8DKN2y/d8aomWX4IyxwtjKZ7ASmPDa2/UffS2vToeHwIswKOd3Dn35H4BMTNDN6EDAAA=
88,695b1cf1be604a498f7d462dfdc6ba47,76cd5a59d6ea432d8b977244260b83f9,f367c4c6ecc84e72bc8e904bb9783d0a,eb141082d46b4ca0a252c19ee8541547,1694685302816,600000,True,H4sIAAAAAAAAAFVTvXbaMBgVIWkJ7TldOvT0dFBPu6bHYEKSoYOxDYhgOxgC2JtsK7ZAtqkt8/cA3Tp36c578Ch9kJ4Kt0OrRdJ373d19elTHYBLUKF1AEDlDJzRoPKtAi7UtEh4tQ6qHIeX4JwkfgROowou+zQgXYbDXGx/1UF9vCwYszYJyWrgDAXg411A7rwn3LqSJb95Jd/K/tUtbt9ctVr+jYdbTamNPZH3kKUrknFK8ktQ42TLi4zkpY0auJhiVpDKD7JJQ6QOJDxrMF+2I2+uUKSloTFxdsZk2bIm/t6Y6LKlbu6RqlC/P1i7McvdR7ZEVGkjFUnGbLR3ZoOFEY9kU1tKhtZZWBPl2uiNGqZmSK6m7C3N2DoU5SpVQpR0dl7TXXm9qeWIc//oDEx3FkS4uV17zRYdKqWvPZ4FhTO3G348HbvzbgPPB8xVUWjRjuQnU/aXJ7nzSAoE5u9K7KY8R/h9lPhgQv+LnfhCb1PeE8Uir6+0h7u7fzSuOZ5dM0ceRG4yKrx4Kg1lm5H+ycfj2tmbkTXrLpwYya5mLk2NUVGDhtkb7cyFvhX12oj1xu3pDbM5ajkLO3IWhmxpYUOsqRMLntaJnL2/NTRfcprdpUHRfemtL4m5c6cm0mfxUnXwPKD5iuGd6JFhmpGaCL4Ar4+HW5t8Kah4UMjImjDYlEFNRDtpyk998+54uLE8jmlCArgm2Q5mOCNsB5+yNC7RXIjSJITTlAYhS9MYjkmGV9Enkf1B4MpqJeg8ojnMioRAnkLvJA7TDD4VOSlF+CYVQEh4RDKIuaATaBcJ9cFLgT6QgOQcs/dC8s3x0D4e2FDv6aam2A5UrbGhT5BaA+cmjgl4ezxc//z+FepJQLI8wctSiUCEkCjDK33LM6xwnlGv4Kc2vji5yqugLvR0e2wq93r5fWqnLwbO7UdT7M/AMw3HOCQCAL8BBOnRp4kDAAA=
90,a822da66ba014206bf8fa43f1890f047,df646b251abd457dba36284e8ef38602,b8a70d78b5c346c190eed136ab9e81eb,9b008434c75c45308e68b8ecc00c5704,1694685303743,30000,True,H4sIAAAAAAAAAFVRzW7TQBAeJy0k4ZBKHHqrpgKhohLiOv+5hTQ1kdIKKeGEEFrbE2fF2o5219A+CFLfIK/AOY/Sp+CAEOOWVuW0M9983zc/WwOogiNrAOCUoCQj540Du+MsT61Tg7IVsQPPPqaBJvFVBIqcMlTfy4jOlIgNi/7U4GkkzVqJqyrszDJNFUbr8Hy76Z3SklJDQ9xuxLHXcWGPwfmaKLqDTjqwz8hC54T/c93bwrlMZRrjY4ULBxz0P3H15ucPjj7/S/s319dFys2PtpvuWa4UzsniuyzNzRAnl2vSFtmRNCt6R26z/RpeceRrkVrDWPfYY0t83LRgLjMNB/ySCFeYLfEqyzUmdyRF30iZt9zzsNhj9bBGIWSuXUmD0lKC0sALxqIs5xtG+H0lFWGWori3kkaJNGKnQsqLLB6koUgxINTEk8QUHRan7Ww3avJhOsbZxPenF/68DLthpnjU8u9fFdi5EAnd8nwlQnbBGcUxtzFQg/rk0moxslbLILdkKsWvw54/G42ni8mXe0d2yXMuvGwF/TDsem6j1RNhox16vUYwCAcNtzUY9LseeW4YVqBqZULGimQN9UHzpN30WtgZtns4OgcowZNTkYiYeD/4C9LUKHtyAgAA
91,4e2fb0551b8542769b06c4722fe937cd,eebbcf8ae34646e5abba4e2d50064512,bf9a72d09baa4327ad2310c1c7813507,3a6fdd026dee41debd47c240b0f2f538,1694685304382,298000,True,H4sIAAAAAAAAAE1RS47aQBR8wExi2IwiRcnWi+wia/zBNh4pCw/zwYi2M9gD2JuocTfQjtsgfxI8d8g5uEBOwMGi9GSVxVvUq3qvVKoBQB86bAAAnS50Gen86sDleN8UdWcAvRpve9CfMEIfcrythOrPAAbh9ybPg58FLSXoegQ+aSoeDS1TV/CGEMXYqKYy0vS1Yq41bBEHG6qpiruv5f5Ay5rRqg9STY91U9Lqn7UElwucNxR+03aqJqudSlbTPG09S+AoVPPAyw62Vyza9dizPC74iWvNWuc/rVnjpZnHxnSXFE/Nmi/UmTHP6WSupfz5B9KftCAi3H8hWfL4/II4MuOlmMzVk2zbJtznvi6w7mno7pbHSz9D0ZwlPD76WdyibMpQJnCEzCCK2yS7zRM2dTYr9YtIMIC3hFWHHLd9uJjtSyqJZQ8+nk/2A6t2rNjK4YFSciOfT/izJsgP59PmfMrHAUKBL7vj8X0YBvNYggsfcwrvBe1uccn4fi9HOGcVx4Wwubo/1iV267pk66amlfRaGrxzH925h4LgW+TOvBC5vvjTNOy1G1Mz8HA0UlLLSZWhbaQKdixdIQ7dGMSxbZOkEvRrxmlVY36AK+daG17rhmze6LbsIoAuvLnDHG+pSAR/AVx7YRkyAgAA
92,d22622950a3249cc84226ac0359cfe28,b4048da545954a5b88711141d6f2e186,2e8b70b4e13e4be58372a77822b1a7c7,1a14a572a7754f42b95b633d96e7fd54,1694685304952,2299998,True,H4sIAAAAAAAAAB2QW0/CQBCFp+CF1kQejfoyGH2sIIUgviGWS4KXaH0m03ZaNvRCdpcov4j/4Q8zbp3M0/n2nN09DoANlnAAwKpBTcTWjQWH43JbaMuBuqbUhgMuohVUY8HJZxFKpjWFGVt1sGci5klGqTL014HjWKhNRjtjWpSSG0Y9gquf/cBsILJMIaEsv7BMMCGZZ1TEtxisGC7NgQ3LhCONFEWsVCl3qEvUBp7/B/QfSa1ZV94P5lgZsWXy8R/eByuhUGjOMaICQ0bJSSlTjltwarw/+8x/m49x9uo34OCFcoYLI89KrvKm5kualcbqjaJIwYGm/60ljbSWItwa1qjKgTPjX75OltN3fxT4H8EymC8W85epydxuDb/mfjwIh17H9YbxwO1xh12KksjtMHdDz4u6IYcNsLXIzXWUb6A5bN/12l0P+w/9Lo6eAWpw9EQ5pVw1/gfeqNE+oAEAAA==
93,4a97c5a686cf459cb2fe31f623f804b2,a854b091c01645ed8c321ca4153c9d89,56348194d94f46d588d8210b71c3b87f,4ea43a2081b449c2b8000545320c5279,1694685305144,499852,True,H4sIAAAAAAAAAFVSy27aQBQd8miBTVSp3VWqKyWryo3fQKUuHEPADrYbYwP2phrbEzMwtpEfIfAP3fUf+A8+rOpAu2gXoyvde+bcc+69bQBaoIHbAIDGGTjDceNHA1xqeZ1VjTY4r2ByDlojHKN7ApOSon61QXuyqgmxNxkqmuBMj8F1LxK6HUmRWB5yCisiFLPdXkdilTiKZJ6PFTEU6L9vRb5GRYVR2QLNCr1UdYHKU+smuJxCUqPGT7TJE10zODjjSSQ6i3CuYr2fJ6bryZa74s1dwltLlTMnmwddU3E0Mp6DlJSBR1Y6VhVd00WK2QZDJ/VTj7P7Hme506Xd1/lgudqYQ1+yh8HK3BmpremlhtVEz+62oRCsw+HU9mnfPzyGFM02eKye9OzgLK79ucNH6XQSzO95ODdIoOmJje+4KJuSvzgumC+4mNai7anWOfFTnR5XGS7+L3fEU77NyZ+e0n8jVRlve/9wyBWcycQXjUWQPdZhOuXGokPQ6KjDezZ396m50zcm9Wa6j1s6H8Hc0dc3t75g0nwiBa6x8HemYPUTOVjqnC8EC2vmyXQ+C9O1CMW8+IIv2DNftASfo54eTtpGHI13PS3jvtINtcHrGJdrArctcDHOC9SkyVfg5rDvDAuYVSVz2MNP/A0NHbrYAjIkzyumyhmUxeAdzeZPTFxnCcozJlqgsio/U4YPhz1ycLKo2IjgaHXEP2O0YQoU4TUqP1LI+8O+d9gTR3UGTN+zhgPbYlRNG0wmtuM3wYUFUwTeUpBbIFjSi2JcSHCZwoyKvhoctahVVeCwrlDZPJ44eOM6A3XiOYPvrjrWJ6ZqUZ66ppXrqCuLYajwLERCyEqKiFgYdREbIUFB/JPclXpiE7QqnFILMF2Dq94tL90KIiN/EWVGNQE4A6/6MIUJAucA/AaN5U1CYAMAAA==
94,1286567ae03c48f6b8b6971b88f6c6ba,685552f754024b00b84b44f5deebe60f,1f9f5f84c13746c681441ab8c322ae03,33d279a7fb664ef49fe315f1884780c7,1694685306453,250000,True,H4sIAAAAAAAAAE1S3Y6aQBQe3d1WTdOmSS961dBkb8kCwqq9U0GFdWBVFJmbZmBGGQE1/Ij4Dn2OfQ8frCnuVe9OvvP95eS0AGiCGmsBAGp1UGek9qcGHoaHfJ/VWuAuw9s70JwwQkcR3qYV628LtBZhHkVWsadJA9R1Ah47StfDXU/ipQ0mfJtiiffwRubxs9+mitKTegqudK/J4UiTjNG0CRoZPWd5QtP36AZ4WOEop7U1LQ0BO2Lkt+eBt+4za6eJ5mV5gaomQXVbVnOq7welJ6GjN14ZaKg/67vZGalm4MawRKovWPasgGOoQDUskLoU4GUeQhXK8DJiOiuYPzFOKI5StFQCz1kyixkmckiApfPJk2Q2HRoX7JDcXc9FP14t0Hok4rUR3bLIxBDRomBkvJLJZFWiNWTWPmVLITNspj9X/StNcfM8kMm8sFj39B8395woR45Zug4SprESkWFPQOtAIJX/VNJFy+6XUCUBclYBjGcyiqveqqaYY7d0ba2wHFd0d5pi2dHOskeRG88u5oWEKHYL6OgKskmFLYtqF0BJE6Adss1a7FVXboGPhKXHCJdNcD89JLRRgQ/g0/Wto2eclxxC+rNCflzf6Jxtg4z3I+aHXHbgTowWXEJ9dnxnfL++4etbtDSHFoSWyfWHQ22xsOZuA9ybOKbgW0UY3Pz23CvbbktugPdhlf9FO2cJ7mdZwrw8o2nj9nHg62BuvWjm71d9PHZ/D/rmS+WT59Xm0d/IgieICi8RocPL7U6b72La4z3PE2W5R32v12mAZsZimmY4PoLP0pP4JLU58ZcgcH0IQB18UHGMtxTcAfAP4/zxr+4CAAA=
95,37bdbbcb5ea14400bfcc63ac2b0d4bd9,fadd974b48234ab78884db1b83bdc336,2da0cab1084741279351e9c8c694da5d,b3f4da8e08ca4d61957735e8cf277c4d,1694685306617,744444,True,H4sIAAAAAAAAADVT227TQBCd9AJJoBQkXkAgTVErFdGkzaW59M1J3BIpLaggeKw29thZYa+t3TUl7/xL/iMfhph12jxssjszZ86cOakD1KAi6wBQ2YItGVb+VmB3nBXKVuqwbUVcgx1SwQLcZxtqn2VIl4mIDV//1eFpKE2eiCVnzTJNVX59A6/Xq/5EpCKmC1yvgk/tXq/Z58ir9Wp4KTWhZ3IKLE6ncMSp01hJSwaXWaGRFKWSL1GmuVZ0DSecwAc+QxKJVLF77R3x2c+iTUlYtoIX/JSTRkNBpsKmuw+/LYTOFRmDP0qMqQo0CcP4KSVED6XooC3Ol7DHOYzfOXO8mkzZFXmYZ/ekoyLBeSJCwtQdkc5SzAtN5QzrVdtPSYskdISb+H0hzUP2nPmkZOA9B4zVmYqZpCjHxUBovcSUlYN3JUovyKRyECjVZjpuYQjeltHB8VjkOYUoLLZHWOZ+ZJaHHL2lgORvYmG6Y1eCLM+VJk7m4P2CFBxvCMhfrOKJW8zYuxn7s9n05so1FGqJFEW8mHKiNAtltHSClzQeqTm0JGNBMwX7Jakuq2cX/POAmRzwN7fXpCxuLICjTBXGGUG0Ohsf4GaYUiPefMoyKJYJNfHWYwoP4OV6db5eJf7X6Ri//fxyO6nCzo1IqQw8CI0jJy/UYd//Y7XwLI82L9hIVedj2POv/VtvNrkbzbyJX4fnzsVC2ZSpGTayebQGE9rdhmcRG/NOlMbkly3gjkXBOId01qOoF1AjOh+0Gt2BmDfEoBU2hqLTooCv58N2FWpW8pKtSHPYH562OqftDvYvWm30rh3ak40Y7k/0H977EwJzAwAA
